Rk;Player;Pos;Age;Altezza;Tm;G;GS;MP;FG;FGA;FG%;3P;3PA;3P%;2P;2PA;2P%;eFG%;FT;FTA;FT%;ORB;DRB;TRB;AST;STL;BLK;TOV;AG;PTS
198;Aaron Gordon;AG;26;6.8;DEN;75;75;31.7;5.8;11.1;0.52;1.2;3.5;0.335;4.6;7.7;0.605;0.573;2.3;3.1;0.743;1.7;4.2;5.9;2.5;0.6;0.6;1.8;2;15
233;Aaron Henry;AP;22;6.5;PHI;6;0;2.8;0.2;0.8;0.2;0;0.2;0;0.2;0.7;0.25;0.2;0;0;0;0;0.2;0.2;0;0;0.3;0.3;0.3;0.3
244;Aaron Holiday;P;25;6.0;TOT;63;15;16.2;2.4;5.4;0.447;0.6;1.6;0.379;1.8;3.7;0.477;0.504;0.9;1.1;0.868;0.4;1.6;1.9;2.4;0.7;0.1;1.1;1.5;6.3
406;Aaron Nesmith;AP;22;6.5;BOS;52;3;11;1.4;3.5;0.396;0.6;2.2;0.27;0.8;1.3;0.612;0.481;0.4;0.5;0.808;0.3;1.4;1.7;0.4;0.4;0.1;0.6;1.3;3.8
581;Aaron Wiggins;G;23;6.4;OKC;50;35;24.2;3.1;6.7;0.463;0.8;2.8;0.304;2.3;4;0.573;0.525;1.2;1.7;0.729;1;2.5;3.6;1.4;0.6;0.2;1.1;1.9;8.3
403;Abdel Nader;AP;28;6.5;PHO;14;0;10.4;0.9;2.5;0.343;0.3;1;0.286;0.6;1.5;0.381;0.4;0.4;0.7;0.6;0.3;1.6;1.9;0.5;0.6;0.3;0.8;1.4;2.4
398;Ade Murkey;G;24;6.5;SAC;1;0;1;0;0;0;0;0;0;0;0;0;0;0;0;0;0;0;0;0;0;0;0;0;0
492;Admiral Schofield;AP;24;6.5;ORL;38;1;12.3;1.4;3.4;0.419;0.7;2.1;0.329;0.7;1.3;0.56;0.519;0.3;0.4;0.8;0.4;1.9;2.3;0.7;0.1;0.1;0.6;1.5;3.8
99;Ahmad Caver;P;25;6.2;IND;1;0;1;1;1;1;0;0;0;1;1;1;1;0;0;0;0;0;0;0;0;0;0;0;2
250;Al Horford;C;35;6.9;BOS;69;69;29.1;3.9;8.2;0.467;1.3;3.8;0.336;2.6;4.4;0.582;0.546;1.2;1.4;0.842;1.6;6.1;7.7;3.4;0.7;1.3;0.9;1.9;10.2
85;Alec Burks;G;30;6.6;NYK;81;44;28.6;3.5;9;0.391;1.9;4.8;0.404;1.6;4.2;0.378;0.499;2.7;3.3;0.822;0.6;4.3;4.9;3;1;0.3;1.1;2.7;11.7
172;Aleem Ford;AP;24;6.8;ORL;5;0;14.8;1.2;4;0.3;0.4;3;0.133;0.8;1;0.8;0.35;0;0;0;0.4;2.6;3;0.4;0.2;0;0.8;1.4;2.8
448;Aleksej Pokusevski;AG;20;7.0;OKC;61;12;20.2;3;7.5;0.408;0.9;3.2;0.289;2.1;4.2;0.498;0.47;0.6;0.8;0.7;1.2;4;5.2;2.1;0.6;0.6;1.5;1.4;7.6
97;Alex Caruso;G;27;6.5;CHI;41;18;28;2.5;6.2;0.398;1;3.1;0.333;1.5;3.2;0.462;0.48;1.4;1.8;0.795;0.8;2.8;3.6;4;1.7;0.4;1.4;2.6;7.4
328;Alex Len;C;28;7.0;SAC;39;10;15.9;2.4;4.5;0.534;0.2;0.5;0.286;2.3;4;0.568;0.551;1.1;1.6;0.651;1.3;2.8;4.1;1.2;0.3;0.6;1.1;2.6;6
370;Alfonzo McKinnie;AP;29;6.7;CHI;17;3;12.1;1.4;3.6;0.393;0.5;1.6;0.333;0.9;2;0.441;0.467;0.1;0.5;0.25;0.8;1.2;1.9;0.3;0.1;0.2;0.4;1.5;3.5
279;Alize Johnson;AG;25;6.8;TOT;23;0;7.3;0.7;1.7;0.436;0;0.2;0;0.7;1.5;0.486;0.436;0.3;0.5;0.583;1.2;1.4;2.7;0.4;0.2;0;0.5;0.8;1.8
497;Alperen Bengun;C;19;6.8;HOU;72;13;20.7;3.5;7.3;0.474;0.4;1.6;0.248;3.1;5.7;0.539;0.502;2.3;3.2;0.711;1.9;3.5;5.5;2.6;0.8;0.9;2;3;9.6
109;Amir Coffey;G;24;6.7;LAC;69;30;22.7;3.1;6.8;0.453;1.4;3.7;0.378;1.7;3.1;0.542;0.556;1.5;1.7;0.863;0.4;2.5;2.9;1.8;0.6;0.2;0.7;1.3;9
150;Andre Drummond;C;28;6.8;TOT;73;36;19.7;3.4;5.9;0.57;0;0;0;3.4;5.9;0.574;0.57;1.2;2.2;0.524;3.1;6.2;9.3;1.8;1.1;0.9;1.6;2.6;7.9
263;Andre Iguodala;AP;38;6.6;GSW;31;0;19.5;1.5;3.9;0.38;0.5;2.4;0.23;0.9;1.5;0.617;0.45;0.5;0.6;0.75;0.7;2.5;3.2;3.7;0.9;0.7;0.9;1.1;4
582;Andrew Wiggins;AP;26;6.7;GSW;73;73;31.9;6.5;14;0.466;2.2;5.5;0.393;4.4;8.5;0.513;0.543;2;3.2;0.634;1.2;3.3;4.5;2.2;1;0.7;1.5;2.2;17.2
504;Anfernee Simons;G;22;6.3;POR;57;30;29.5;6.2;14;0.443;3.1;7.8;0.405;3.1;6.2;0.49;0.555;1.8;2;0.888;0.5;2.2;2.6;3.9;0.5;0.1;2;1.9;17.3
127;Anthony Davis;C;28;6.8;LAL;40;40;35.1;9.3;17.4;0.532;0.3;1.8;0.186;8.9;15.6;0.571;0.542;4.4;6.1;0.713;2.7;7.2;9.9;3.1;1.2;2.3;2.1;2.4;23.2
156;Anthony Edwards;G;20;6.4;MIN;72;72;34.3;7.6;17.3;0.441;3;8.4;0.357;4.6;8.9;0.519;0.527;3.1;3.9;0.786;0.9;3.9;4.8;3.8;1.5;0.6;2.6;2.3;21.3
193;Anthony Gill;AG;29;6.7;WAS;44;0;10.5;1.4;2.5;0.569;0.3;0.6;0.538;1.1;1.9;0.578;0.633;1;1.2;0.808;0.8;1.2;1.9;0.6;0.1;0.3;0.4;1.3;4.1
320;Anthony Lamb;AP;24;6.6;SAS;2;0;4;0;1;0;0;1;0;0;0;0;0;0;0;0;0;0.5;0.5;1;0;0;0;0;0
70;Armoni Brooks;G-P;23;6.3;TOT;54;11;15.6;1.8;5.4;0.339;1.4;4.6;0.297;0.4;0.7;0.6;0.467;0.3;0.4;0.857;0.4;1.5;1.9;1.1;0.5;0.2;0.5;1.4;5.3
317;Arnoldas Kulboka;AP;24;6.8;CHO;2;0;2.5;0;0.5;0;0;0.5;0;0;0;0;0;0;0;0;0;0;0;0;0;0;0;0.5;0
468;Austin Reaves;G;23;6.5;LAL;61;19;23.2;2.4;5.2;0.459;0.9;2.7;0.317;1.5;2.5;0.616;0.542;1.6;1.9;0.839;0.7;2.4;3.2;1.8;0.5;0.3;0.7;1.4;7.3
475;Austin Rivers;G;29;6.4;DEN;67;18;22.1;2.2;5.2;0.417;1.2;3.4;0.342;1;1.8;0.563;0.53;0.5;0.7;0.727;0.3;1.4;1.7;1.3;0.8;0.1;0.8;1.8;6
63;Avery Bradley;G;31;6.3;LAL;62;45;22.7;2.4;5.6;0.423;1.3;3.4;0.39;1.1;2.3;0.471;0.54;0.3;0.3;0.889;0.5;1.7;2.2;0.8;0.9;0.1;0.6;1.9;6.4
143;Ayo Dosunmu;G;22;6.4;CHI;77;40;27.4;3.6;6.9;0.52;0.9;2.4;0.376;2.7;4.5;0.596;0.585;0.7;1;0.679;0.4;2.4;2.8;3.3;0.8;0.4;1.4;2.4;8.8
280;B.J. Johnson;AP;26;6.6;ORL;4;0;16.3;2.8;6.3;0.44;1;2.5;0.4;1.8;3.8;0.467;0.52;0;0;0;1.5;2.3;3.8;0;0;0.3;0;1;6.5
3;Bam Adebayo;C;24;6.9;MIA;56;56;32.6;7.3;13;0.557;0;0.1;0;7.3;12.9;0.562;0.557;4.6;6.1;0.753;2.4;7.6;10.1;3.4;1.4;0.8;2.6;3.1;19.1
373;Ben McLemore;G;28;6.3;POR;64;6;20.1;3.4;8.4;0.401;2.4;6.5;0.362;1;1.9;0.533;0.541;1.1;1.4;0.818;0.2;1.4;1.6;0.9;0.6;0.2;0.9;1.6;10.2
50;Bismack Biyombo;C;29;6.8;PHO;36;3;14.1;2.4;4;0.593;0;0;0;2.4;4;0.593;0.593;1.1;2;0.535;1.8;2.9;4.6;0.6;0.3;0.7;0.7;1.9;5.8
210;Blake Griffin;AG;32;6.9;BRK;56;24;17.1;2.4;5.6;0.425;0.7;2.6;0.262;1.7;3;0.565;0.486;1;1.4;0.724;1.1;3;4.1;1.9;0.5;0.3;0.6;1.7;6.4
348;Boban Marjanovic;C;33;7.3;DAL;23;0;5.6;1.8;3;0.6;0;0.2;0.25;1.8;2.9;0.621;0.607;0.6;1;0.591;0.3;1.3;1.7;0.1;0;0.1;0.7;1;4.3
454;Bobby Portis;C;26;6.8;MIL;72;59;28.2;5.8;12.1;0.479;1.8;4.7;0.393;3.9;7.4;0.533;0.555;1.2;1.6;0.752;2.5;6.6;9.1;1.2;0.7;0.7;1.3;2.4;14.6
54;Bogdan Bogdanovic;G;29;6.6;ATL;63;27;29.3;5.4;12.6;0.431;2.7;7.3;0.368;2.7;5.3;0.516;0.537;1.5;1.8;0.843;0.5;3.5;4;3.1;1.1;0.2;1.1;2.1;15.1
55;Bojan Bogdanovic;AG;32;6.7;UTA;69;69;30.9;6.1;13.4;0.455;2.6;6.8;0.387;3.5;6.7;0.524;0.552;3.2;3.8;0.858;0.8;3.4;4.3;1.7;0.5;0;1.7;1.7;18.1
56;Bol Bol;AG;22;7.2;DEN;14;0;5.8;1.1;1.9;0.556;0.1;0.3;0.25;1;1.6;0.609;0.574;0.1;0.4;0.4;0.3;1.1;1.4;0.4;0.1;0.1;0.3;0.3;2.4
261;Bones Hyland;P;21;6.2;DEN;69;4;19;3.3;8.3;0.403;1.9;5.2;0.366;1.4;3.1;0.465;0.518;1.6;1.8;0.856;0.2;2.5;2.7;2.8;0.6;0.3;1.2;2.2;10.1
567;Brad Wanamaker;P;32;6.3;TOT;23;2;13.9;1.2;3.3;0.364;0.2;0.7;0.235;1;2.6;0.4;0.39;1;1.1;0.92;0.3;1.4;1.7;2.4;0.3;0.3;1;2;3.6
41;Bradley Beal;G;28;6.4;WAS;40;40;36;8.7;19.3;0.451;1.6;5.3;0.3;7.1;14;0.508;0.492;4.2;5.1;0.833;1;3.8;4.7;6.6;0.9;0.4;3.4;2.4;23.2
60;Brandon Boston Jr.;G;20;6.6;LAC;51;0;14.9;2.5;6.4;0.385;0.7;2.2;0.306;1.8;4.2;0.425;0.437;1.2;1.4;0.819;0.3;1.8;2.2;1;0.5;0.3;0.6;0.8;6.7
106;Brandon Clarke;AG;25;6.8;MEM;64;1;19.5;4.5;7;0.644;0.1;0.3;0.227;4.4;6.6;0.666;0.65;1.3;2;0.654;2.1;3.2;5.3;1.3;0.6;1.1;0.5;1.9;10.4
196;Brandon Goodwin;P;26;6.0;CLE;36;5;13.9;1.8;4.3;0.416;0.5;1.5;0.345;1.3;2.8;0.455;0.477;0.7;1.1;0.632;0.4;1.5;1.9;2.5;0.7;0;1;1.1;4.8
265;Brandon Ingram;AP;24;6.8;NOP;55;55;34;8.2;17.9;0.461;1.3;4.1;0.327;6.9;13.8;0.501;0.498;4.8;5.9;0.826;0.6;5.2;5.8;5.6;0.6;0.5;2.7;2.2;22.7
310;Brandon Knight;P;30;6.2;DAL;5;0;13;2;5;0.4;0.8;3.4;0.235;1.2;1.6;0.75;0.48;1.6;1.6;1;0;1.6;1.6;1.6;0.2;0;0.8;1;6.4
584;Brandon Williams;P;22;6.2;POR;24;16;26.7;4.4;11.8;0.372;1.3;4.4;0.292;3.1;7.3;0.42;0.427;2.8;4;0.701;0.8;2.3;3.1;3.9;1;0.4;2.4;2.2;12.9
305;Braxton Key;AP;24;6.8;TOT;11;0;17.9;3;6.5;0.458;0.5;1.9;0.286;2.5;4.6;0.529;0.5;0.6;1.2;0.538;1.2;3.4;4.5;1;0.9;1;1;2.4;7.2
533;Brodric Thomas;G;25;6.5;BOS;12;0;5;0.7;1.5;0.444;0.2;0.8;0.222;0.5;0.8;0.667;0.5;0.3;0.4;0.6;0.2;0.7;0.8;0.9;0.1;0.1;0.5;0.6;1.8
336;Brook Lopez;C;33;7.0;MIL;13;11;22.9;4.7;10.1;0.466;1.5;4.1;0.358;3.2;6;0.538;0.538;1.5;1.8;0.87;1.5;2.6;4.1;0.5;0.6;1.2;0.9;2.6;12.4
72;Bruce Brown;AP;25;6.4;BRK;72;45;24.6;3.6;7;0.506;0.5;1.3;0.404;3;5.7;0.529;0.543;1.3;1.8;0.758;1.4;3.4;4.8;2.1;1.1;0.7;0.8;2.4;9
167;Bruno Fernando;C;23;6.9;TOT;30;0;5.1;1.2;1.8;0.655;0;0.1;0.5;1.2;1.8;0.66;0.664;0.5;0.8;0.625;0.6;1.2;1.8;0.2;0;0.4;0.5;0.8;2.9
171;Bryn Forbes;G;28;6.2;TOT;75;2;17.1;3.1;7.2;0.429;1.6;3.9;0.414;1.5;3.3;0.447;0.542;1.1;1.2;0.908;0.1;1.1;1.2;1;0.3;0.1;0.7;1.3;8.8
237;Buddy Hield;G;29;6.4;TOT;81;32;30.9;5.5;13.6;0.406;3.2;8.8;0.366;2.3;4.7;0.482;0.526;1.4;1.6;0.874;0.8;3.5;4.4;2.8;0.9;0.3;1.9;2.3;15.6
378;C.J. Miles;G;34;6.6;BOS;1;0;2;0;0;0;0;0;0;0;0;0;0;0;0;0;0;0;0;0;0;0;0;1;0
124;Cade Cunningham;P;20;6.3;DET;64;64;32.6;6.7;16.1;0.416;1.8;5.7;0.314;4.9;10.4;0.472;0.471;2.2;2.6;0.845;0.9;4.6;5.5;5.6;1.2;0.7;3.7;3.1;17.4
351;Caleb Martin;AP;26;6.6;MIA;60;12;22.9;3.5;6.8;0.507;1.1;2.6;0.413;2.4;4.3;0.565;0.585;1.2;1.6;0.763;1.2;2.7;3.8;1.1;1;0.5;0.9;1.7;9.2
469;Cam Reddish;AP;22;6.6;TOT;49;7;20.7;3.4;8.3;0.404;1.3;3.8;0.359;2;4.6;0.442;0.485;2.1;2.3;0.902;0.5;1.6;2.1;1;1;0.3;1.2;1.2;10.1
534;Cam Thomas;G;20;6.5;BRK;67;2;17.6;3.3;7.5;0.433;0.7;2.6;0.27;2.6;4.9;0.52;0.48;1.3;1.6;0.829;0.2;2.2;2.4;1.2;0.5;0.1;0.8;1;8.5
281;Cameron Johnson;AG;25;6.8;PHO;66;16;26.2;4.2;9.2;0.46;2.5;5.9;0.425;1.7;3.3;0.523;0.596;1.5;1.7;0.86;0.6;3.5;4.1;1.5;0.9;0.2;0.7;1.7;12.5
368;Cameron McGriff;AP;24;6.3;POR;3;0;15.3;1.7;4.7;0.357;0.7;2;0.333;1;2.7;0.375;0.429;0.7;0.7;1;2;3;5;1;0;0.3;0;2.3;4.7
426;Cameron Oliver;AP;25;6.8;ATL;2;0;21.5;5;7.5;0.667;0.5;1.5;0.333;4.5;6;0.75;0.7;1;1.5;0.667;1;2;3;1.5;0.5;0.5;0;2.5;11.5
439;Cameron Payne;P;27;6.7;PHO;58;12;22;4.1;10.1;0.409;1.2;3.6;0.336;2.9;6.5;0.449;0.469;1.3;1.5;0.843;0.4;2.6;3;4.9;0.7;0.3;1.8;2.1;10.8
329;Caris LeVert;G;27;6.8;TOT;58;49;30.7;6.5;14.7;0.444;1.4;4.4;0.32;5.1;10.3;0.497;0.492;2.5;3.3;0.756;0.7;2.9;3.7;4.3;0.9;0.4;1.9;2.3;17
291;Carlik Jones;P;24;6.1;TOT;5;0;4.6;0.2;1.8;0.111;0;0.2;0;0.2;1.6;0.125;0.111;0.4;0.4;1;0.2;0.4;0.6;1;0.2;0;0.6;0;0.8
14;Carmelo Anthony;AG;37;6.6;LAL;69;3;26;4.6;10.5;0.441;2.2;5.8;0.375;2.5;4.7;0.521;0.544;1.9;2.3;0.83;0.9;3.3;4.2;1;0.7;0.8;0.9;2.4;13.3
157;Carsen Edwards;G;23;6.0;DET;4;0;19.8;2.3;7.5;0.3;1;4;0.25;1.3;3.5;0.357;0.367;0.3;0.3;1;0.5;1;1.5;3.5;0.5;0;1.3;1;5.8
516;Cassius Stanley;G;22;6.7;DET;9;1;17.2;2.1;5.1;0.413;0.4;1.9;0.235;1.7;3.2;0.517;0.457;1.1;1.1;1;0.6;1.6;2.1;0.4;0.6;0.2;0.7;1.9;5.8
594;Cassius Winston;P;23;5.9;WAS;7;0;5.6;0.6;1.6;0.364;0.3;0.9;0.333;0.3;0.7;0.4;0.455;0.6;0.6;1;0;0.1;0.1;1;0;0;0.4;1.3;2
30;Cat Barber;P;27;6.5;ATL;3;0;4.3;0;1.3;0;0;0;0;0;1.3;0;0;0;1.3;0;0.3;0.7;1;1;0;0;0.3;0.3;0
430;Cedi Osman;AP;26;6.1;CLE;66;3;22.2;3.7;8.7;0.432;1.9;5.4;0.357;1.8;3.2;0.559;0.544;1.3;2;0.664;0.4;1.8;2.2;2;0.8;0.2;1;1.9;10.7
260;Chandler Hutchison;AP;25;6.1;PHO;6;0;3.7;0.2;0.3;0.5;0;0;0;0.2;0.3;0.5;0.5;0.3;0.3;1;0;0.8;0.8;0.3;0;0;0.7;0.2;0.7
36;Charles Bassey;AG;21;6.7;PHI;23;0;7.3;1.3;2;0.638;0;0.2;0;1.3;1.9;0.698;0.638;0.4;0.5;0.75;1;1.7;2.7;0.3;0.2;0.7;0.3;1.4;3
73;Charlie Brown Jr.;G;24;6.6;TOT;22;2;8;0.5;1.8;0.256;0;0.5;0.083;0.4;1.2;0.333;0.269;0.4;0.5;0.9;0.6;0.8;1.5;0.3;0.5;0.2;0.2;0.8;1.4
74;Chaundee Brown Jr.;G-AP;23;6.9;TOT;5;2;20.8;2;6.4;0.313;1.2;3.6;0.333;0.8;2.8;0.286;0.406;1;1.2;0.833;0.2;3;3.2;0.8;0.4;0;0.2;1.4;6.2
136;Cheick Diallo;C;25;6.6;DET;3;0;10.3;1;2.7;0.375;0;0;0;1;2.7;0.375;0.375;1.7;2;0.833;1.3;2.7;4;0;0.3;0;0.3;2;3.7
376;Chimezie Metu;C;24;6.5;SAC;60;20;21.3;3.4;7.5;0.452;1;3.1;0.306;2.4;4.4;0.555;0.516;1.2;1.5;0.78;0.6;5;5.6;1;0.9;0.5;1;1.6;8.9
61;Chris Boucher;AG;29;6.8;TOR;80;9;21.1;3.4;7.2;0.464;0.9;2.9;0.297;2.5;4.4;0.575;0.523;1.9;2.4;0.777;2.2;3.9;6.2;0.3;0.6;0.9;0.5;2.2;9.4
102;Chris Chiozza;P;26;6.9;GSW;34;1;10.9;0.7;2.4;0.296;0.5;1.6;0.321;0.2;0.8;0.25;0.401;0.1;0.1;0.667;0.3;0.8;1.1;1.9;0.4;0;0.9;0.9;2
151;Chris Duarte;G;24;6.9;IND;55;39;28;4.9;11.3;0.432;1.7;4.6;0.369;3.2;6.7;0.475;0.507;1.6;2;0.804;0.7;3.4;4.1;2.1;1;0.2;1.6;1.7;13.1
438;Chris Paul;P;36;5.9;PHO;65;65;32.9;5.6;11.3;0.493;1;3.1;0.317;4.6;8.3;0.559;0.536;2.6;3.1;0.837;0.3;4;4.4;10.8;1.9;0.3;2.4;2.1;14.7
502;Chris Silva;AG;25;6.5;TOT;10;0;9.1;0.8;1.5;0.533;0;0;0;0.8;1.5;0.533;0.533;1;1.2;0.833;1.3;2.3;3.6;0.7;0;0.1;0.8;2;2.6
595;Christian Wood;C;26;6.0;HOU;68;67;30.8;6.5;12.9;0.501;1.9;4.9;0.39;4.5;8;0.57;0.576;3;4.9;0.623;1.6;8.5;10.1;2.3;0.8;1;1.9;2.5;17.9
420;Chuma Okeke;AG;23;6.8;ORL;70;20;25;3.1;8.2;0.376;1.7;5.3;0.318;1.4;2.9;0.48;0.478;0.8;0.9;0.846;0.7;4.3;5;1.7;1.4;0.6;0.8;1.4;8.6
160;CJ Elleby;AP;21;6.9;POR;58;28;20.2;2.1;5.3;0.393;0.6;2.2;0.294;1.4;3.1;0.462;0.453;1;1.4;0.714;1.1;2.8;3.9;1.5;0.6;0.3;1;2;5.8
362;CJ McCollum;G;30;6.6;TOT;62;62;34.6;8.6;18.8;0.46;2.9;7.6;0.388;5.7;11.2;0.509;0.539;1.9;2.7;0.682;0.9;3.5;4.3;5.1;1.1;0.4;2;2;22.1
93;Clint Capela;C;27;6.8;ATL;74;73;27.6;5;8.2;0.613;0;0;0;5;8.1;0.614;0.613;1.1;2.3;0.473;3.8;8.1;11.9;1.2;0.7;1.3;0.6;2.2;11.1
577;Coby White;P;21;6.4;CHI;61;17;27.5;4.6;10.6;0.433;2.2;5.8;0.385;2.3;4.8;0.491;0.539;1.3;1.5;0.857;0.3;2.7;3;2.9;0.5;0.2;1.1;2.2;12.7
352;Cody Martin;AP;26;6.6;CHO;71;11;26.3;2.9;6;0.482;0.9;2.2;0.384;2;3.7;0.542;0.554;1.1;1.5;0.701;1.2;2.9;4;2.5;1.2;0.5;0.9;1.6;7.7
604;Cody Zeller;C;29;6.9;POR;27;0;13.1;1.9;3.3;0.567;0;0.1;0;1.9;3.2;0.593;0.567;1.4;1.8;0.776;1.9;2.8;4.6;0.8;0.3;0.2;0.7;2.1;5.2
15;Cole Anthony;P;21;6.3;ORL;65;65;31.7;5.5;14;0.391;2;6;0.338;3.5;8;0.432;0.464;3.3;3.9;0.854;0.5;4.9;5.4;5.7;0.7;0.3;2.6;2.6;16.3
498;Collin Sexton;G;23;6.1;CLE;11;11;28.7;6.2;13.7;0.45;1;4.1;0.244;5.2;9.6;0.538;0.487;2.6;3.5;0.744;1.2;2.1;3.3;2.1;0.9;0;2.8;2.3;16
308;Corey Kispert;AP;22;6.6;WAS;77;36;23.4;3;6.7;0.455;1.5;4.2;0.35;1.6;2.5;0.629;0.564;0.7;0.8;0.871;0.7;2;2.7;1.1;0.5;0.3;0.6;1.2;8.2
301;Cory Joseph;P;30;6.3;DET;65;39;24.6;2.7;6.2;0.445;1;2.4;0.414;1.7;3.7;0.465;0.526;1.5;1.7;0.885;0.4;2.2;2.7;3.6;0.6;0.3;1.3;2.3;8
523;Craig Sword;G;28;6.3;WAS;3;0;6.3;1;1.3;0.75;0;0.3;0;1;1;1;0.75;0;0;0;0;0;0;0.3;1.3;0;0.3;2.3;2
19;D.J. Augustin;P;34;6.4;TOT;55;2;16.1;1.7;4;0.423;1.2;3;0.415;0.5;1.1;0.448;0.577;0.7;0.8;0.884;0.2;1;1.2;1.9;0.3;0;1;0.7;5.3
591;D.J. Wilson;AG;25;5.9;TOR;4;1;13.5;2.8;3.8;0.733;0;0.5;0;2.8;3.3;0.846;0.733;2;2.5;0.8;0.3;3.8;4;1.3;1.3;0.3;0.5;1.5;7.5
45;D?vis Bert?ns;AG;29;6.8;TOT;56;0;14.4;1.8;4.9;0.36;1.4;4.1;0.335;0.4;0.8;0.489;0.5;0.6;0.7;0.9;0.2;1.9;2.1;0.6;0.3;0.2;0.3;1.5;5.6
410;Daishen Nix;G;19;6.5;HOU;24;0;10.9;1.1;2.8;0.403;0.3;1.1;0.269;0.8;1.7;0.488;0.455;0.7;1.3;0.533;0.3;1.1;1.4;1.7;0.6;0;1.1;0.9;3.2
356;Dakota Mathias;G;26;6.4;MEM;6;0;2.7;0.3;1;0.333;0.3;1;0.333;0;0;0;0.5;0;0;0;0;0.3;0.3;0.2;0.2;0;0;0.2;1
29;Dalano Banton;AP;22;6.4;TOR;64;1;10.9;1.3;3.2;0.411;0.2;0.8;0.255;1.1;2.4;0.464;0.443;0.4;0.7;0.591;0.6;1.3;1.9;1.5;0.4;0.2;0.8;1.1;3.2
292;Damian Jones;C;26;6.7;SAC;56;15;18.2;3.1;4.8;0.658;0.2;0.5;0.345;2.9;4.2;0.696;0.677;1.7;2.3;0.718;1.3;3.1;4.4;1.2;0.5;0.8;1.1;2.3;8.1
332;Damian Lillard;P;31;6.9;POR;29;29;36.4;7.7;19;0.402;3.2;9.8;0.324;4.5;9.2;0.485;0.486;5.5;6.2;0.878;0.4;3.7;4.1;7.3;0.6;0.4;2.9;1.3;24
326;Damion Lee;G;29;6.2;GSW;63;5;19.9;2.7;6.1;0.441;1;3;0.337;1.7;3.1;0.541;0.523;1;1.2;0.88;0.4;2.8;3.2;1;0.6;0.1;0.6;1.5;7.4
144;Damyean Dotson;G;27;6.5;NYK;2;0;10.5;1;2;0.5;0;0.5;0;1;1.5;0.667;0.5;0;0;0;0;1;1;0.5;0;0;0;0;2
486;D'Angelo Russell;P;25;6.5;MIN;65;65;32;6.2;15;0.411;2.7;8;0.34;3.5;7;0.492;0.502;3;3.7;0.825;0.4;2.9;3.3;7.1;1;0.3;2.5;2;18.1
181;Daniel Gafford;C;23;6.9;WAS;72;53;20.1;4;5.7;0.693;0;0;0;4;5.7;0.695;0.693;1.5;2.1;0.699;2.2;3.5;5.7;0.9;0.4;1.4;0.9;2.4;9.4
431;Daniel Oturu;C;22;6.8;TOR;3;0;9;1;2;0.5;0;0.3;0;1;1.7;0.6;0.5;1;1.7;0.6;0.3;1.3;1.7;0;0;0.7;0;0.3;3
532;Daniel Theis;C;29;6.9;TOT;47;27;20.8;3.2;6.2;0.519;0.7;2.3;0.308;2.5;3.9;0.641;0.576;1;1.5;0.681;1.3;3.6;4.9;0.9;0.4;0.7;1;2.4;8.2
182;Danilo Gallinari;AG;33;6.8;ATL;66;18;25.3;3.9;9;0.434;1.7;4.5;0.381;2.2;4.6;0.485;0.528;2.1;2.4;0.904;0.5;4.1;4.7;1.5;0.4;0.2;0.6;1.4;11.7
203;Danny Green;AP;34;6.6;PHI;62;28;21.8;2;5.2;0.394;1.7;4.4;0.38;0.4;0.8;0.469;0.555;0.2;0.2;0.786;0.5;2;2.5;1;1;0.6;0.7;1.7;5.9
252;Danuel House Jr.;AP;28;6.6;TOT;42;7;17.3;1.9;4.7;0.404;1;2.8;0.376;0.9;1.9;0.444;0.515;1;1.4;0.759;0.4;2.2;2.6;1;0.5;0.4;0.8;1.2;5.9
276;DaQuan Jeffries;G;24;6.8;MEM;3;0;3;0.3;0.7;0.5;0;0.3;0;0.3;0.3;1;0.5;0;0;0;0;0.7;0.7;0.3;0;0;0;0.3;0.7
40;Darius Bazley;AG;21;6.1;OKC;69;53;27.9;4;9.4;0.422;1.2;3.9;0.297;2.8;5.5;0.511;0.484;1.7;2.5;0.688;1;5.3;6.3;1.4;0.8;1;1.3;1;10.8
184;Darius Garland;P;22;6.0;CLE;68;68;35.7;8;17.3;0.462;2.6;6.7;0.383;5.4;10.6;0.512;0.536;3.2;3.5;0.892;0.6;2.7;3.3;8.6;1.3;0.1;3.6;1.7;21.7
112;Darren Collison;P;34;6.4;LAL;3;0;12.3;0.7;2.3;0.286;0;1;0;0.7;1.3;0.5;0.286;0;0;0;0;1.3;1.3;0.7;0.3;0;0.3;1.7;1.3
152;David Duke Jr.;P;22;6.4;BRK;22;7;15.5;1.8;4.9;0.361;0.4;1.7;0.243;1.4;3.2;0.423;0.403;0.8;1;0.81;1.4;1.7;3;0.8;0.6;0.3;0.4;1.6;4.7
282;David Johnson;G;20;6.5;TOR;2;0;1;0;0.5;0;0;0.5;0;0;0;0;0;0;0;0;0;0;0;0;0;0;0;0;0
416;David Nwaba;AP;29;6.0;HOU;46;4;13.2;1.8;3.8;0.483;0.3;1.1;0.306;1.5;2.8;0.551;0.526;1;1.5;0.716;0.9;2.4;3.3;0.8;0.6;0.4;0.5;1.2;5.1
382;Davion Mitchell;P;23;6.8;SAC;75;19;27.7;4.7;11.2;0.418;1.3;4.3;0.316;3.3;7;0.48;0.477;0.7;1.1;0.659;0.4;1.8;2.2;4.2;0.7;0.3;1.5;1.9;11.5
470;Davon Reed;G;26;6.5;DEN;48;5;13.9;1.7;3.4;0.503;0.8;1.8;0.43;0.9;1.6;0.587;0.618;0.2;0.3;0.667;0.3;2;2.3;1.1;0.5;0.2;0.3;1.3;4.4
500;Day'Ron Sharpe;AG;20;6.9;BRK;32;8;12.2;2.7;4.7;0.577;0.1;0.2;0.286;2.6;4.4;0.592;0.584;0.8;1.3;0.585;2.5;2.5;5;0.5;0.3;0.5;0.9;1.9;6.2
175;De'Aaron Fox;P;24;6.3;SAC;59;59;35.3;8.7;18.5;0.473;1.3;4.2;0.297;7.5;14.3;0.524;0.506;4.4;5.9;0.75;0.4;3.5;3.9;5.6;1.2;0.4;2.8;2.9;23.2
558;Dean Wade;AG;25;6.8;CLE;51;28;19.2;1.9;4.3;0.456;1;2.8;0.359;0.9;1.5;0.64;0.574;0.4;0.6;0.667;0.6;2.3;2.9;1;0.6;0.1;0.3;1.7;5.3
22;Deandre Ayton;C;23;6.2;PHO;58;58;29.5;7.6;12;0.634;0.1;0.3;0.368;7.5;11.7;0.642;0.639;1.8;2.4;0.746;2.6;7.7;10.2;1.4;0.7;0.7;1.6;2.4;17.2
44;DeAndre' Bembry;AP;27;6.9;TOT;56;20;18.3;2.2;3.9;0.561;0.3;0.6;0.417;1.9;3.3;0.589;0.595;0.4;0.6;0.6;0.8;2.2;2.9;1.2;0.9;0.4;0.6;2;5.1
259;De'Andre Hunter;AP;24;6.5;ATL;53;52;29.8;4.8;10.8;0.442;1.4;3.7;0.379;3.4;7.2;0.474;0.506;2.4;3.1;0.765;0.5;2.8;3.3;1.3;0.7;0.4;1.3;2.9;13.4
300;DeAndre Jordan;C;33;6.5;TOT;48;20;13;1.9;3;0.643;0;0;0;1.9;3;0.643;0.643;0.5;0.8;0.55;1.7;3.8;5.5;0.4;0.3;0.7;0.8;1.5;4.3
374;De'Anthony Melton;G;23;6.6;MEM;73;15;22.7;3.8;9.5;0.404;1.9;5.1;0.374;1.9;4.4;0.44;0.504;1.2;1.6;0.75;0.9;3.6;4.5;2.7;1.4;0.5;1.5;1.8;10.8
507;Deividas Sirvydis;G;21;6.8;DET;3;0;9;0.3;3.3;0.1;0.3;2.3;0.143;0;1;0;0.15;0;0;0;0;2;2;0.3;1;0.3;0;1.3;1
275;DeJon Jarreau;G;24;6.9;IND;1;0;1;0;0;0;0;0;0;0;0;0;0;0;0;0;0;0;0;0;0;0;0;0;0
400;Dejounte Murray;P;25;6.9;SAS;68;68;34.8;8.4;18.3;0.462;1.4;4.3;0.327;7;13.9;0.504;0.5;2.9;3.6;0.794;1.2;7.1;8.3;9.2;2;0.3;2.6;2;21.1
597;Delon Wright;G;29;6.8;ATL;77;8;18.9;1.6;3.5;0.454;0.6;1.5;0.379;1;2;0.51;0.535;0.7;0.8;0.857;0.6;2.2;2.9;2.4;1.2;0.2;0.6;0.7;4.4
134;DeMar DeRozan;AG;32;6.4;CHI;76;76;36.1;10.2;20.2;0.504;0.7;1.9;0.352;9.5;18.3;0.52;0.521;6.8;7.8;0.877;0.7;4.4;5.2;4.9;0.9;0.3;2.4;2.3;27.9
118;DeMarcus Cousins;C;31;6.5;TOT;48;7;15;3.1;6.8;0.46;0.8;2.5;0.303;2.3;4.2;0.554;0.517;2;2.6;0.76;1.5;4.1;5.6;1.5;0.7;0.4;1.8;2.9;9
20;Deni Avdija;AP;21;6.9;WAS;82;8;24.2;3;7.1;0.432;1;3.2;0.317;2;3.9;0.525;0.503;1.3;1.7;0.757;0.6;4.5;5.2;2;0.7;0.5;1.1;2.3;8.4
493;Dennis Schroder;G-P;28;6.1;TOT;64;29;28.7;4.9;11.3;0.431;1.3;3.9;0.344;3.5;7.4;0.477;0.49;2.5;2.9;0.853;0.5;2.8;3.3;4.6;0.8;0.1;2.2;2.4;13.5
510;Dennis Smith Jr.;P;24;6.2;POR;37;4;17.2;2.1;5.1;0.418;0.2;0.7;0.222;2;4.4;0.451;0.434;1.1;1.7;0.656;0.5;1.8;2.4;3.6;1.2;0.3;1.4;1.4;5.6
552;Denzel Valentine;G;28;6.4;TOT;24;0;9.3;1;2.8;0.379;0.8;2;0.404;0.3;0.8;0.316;0.523;0;0;0;0.4;1.4;1.8;0.5;0.3;0;0.5;0.8;2.9
166;Derrick Favors;C;30;6.9;OKC;39;18;16.7;2.4;4.7;0.516;0.1;0.4;0.125;2.4;4.3;0.554;0.522;0.4;0.6;0.64;1.5;3.2;4.7;0.6;0.4;0.3;0.2;1.6;5.3
293;Derrick Jones Jr.;AG;24;6.6;CHI;51;8;17.6;2.1;3.8;0.538;0.4;1.2;0.328;1.7;2.6;0.634;0.59;1.1;1.4;0.8;1.2;2.1;3.3;0.6;0.5;0.6;0.6;2.1;5.6
482;Derrick Rose;P;33;6.2;NYK;26;4;24.5;4.7;10.5;0.445;1.4;3.5;0.402;3.3;7;0.467;0.513;1.2;1.2;0.968;0.8;2.2;3;4;0.8;0.5;1.5;0.6;12
566;Derrick Walton;P;26;6.0;DET;3;3;36;2;8.7;0.231;1;4.3;0.231;1;4.3;0.231;0.288;1.3;1.3;1;0.7;2.7;3.3;7;2.3;1.3;3.7;2.7;6.3
578;Derrick White;G;27;6.4;TOT;75;52;29.3;4.5;10.7;0.421;1.5;4.9;0.312;3;5.7;0.515;0.493;2.7;3.1;0.864;0.5;3;3.5;4.9;0.9;0.8;1.6;2.3;13.2
28;Desmond Bane;AP;23;6.5;MEM;76;76;29.8;6.7;14.5;0.461;3;6.9;0.436;3.7;7.6;0.484;0.565;1.8;2;0.903;0.6;3.8;4.4;2.7;1.2;0.4;1.5;2.6;18.2
59;Devin Booker;G;25;6.5;PHO;68;68;34.5;9.7;20.9;0.466;2.7;7;0.383;7;13.9;0.508;0.53;4.6;5.3;0.868;0.7;4.4;5;4.8;1.1;0.4;2.4;2.6;26.8
92;Devin Cannady;P;25;6.2;ORL;5;0;29;3;8.8;0.341;3;7.4;0.405;0;1.4;0;0.511;1;1.4;0.714;0.2;1;1.2;2;1;0.6;1;1.8;10
555;Devin Vassell;AP;21;6.5;SAS;71;32;27.3;4.6;10.8;0.427;1.9;5.4;0.361;2.7;5.4;0.492;0.516;1.2;1.4;0.838;0.6;3.7;4.3;1.9;1.1;0.6;0.8;2;12.3
145;Devon Dotson;P;22;6.1;CHI;11;0;7.7;1;2.1;0.478;0.2;0.8;0.222;0.8;1.3;0.643;0.522;0.5;0.8;0.556;0.1;0.7;0.8;1.4;0.1;0;0.5;1;2.6
88;Devontae Cacok;AG;25;6.7;SAS;15;0;8.1;1.4;2.1;0.677;0;0;0;1.4;2.1;0.677;0.677;0.3;0.5;0.571;0.5;2.3;2.8;0.4;0.5;0.5;0.2;1.1;3.1
200;Devonte' Graham;P;26;6.1;NOP;76;63;28.4;3.9;10.7;0.363;2.5;7.4;0.341;1.4;3.3;0.413;0.481;1.6;1.8;0.843;0.5;1.8;2.3;4.2;0.9;0.2;1.4;1.3;11.9
131;Dewayne Dedmon;C;32;7.0;MIA;67;15;15.9;2.4;4.3;0.566;0.3;0.7;0.404;2.2;3.6;0.597;0.598;1.1;1.5;0.75;1.6;4.2;5.8;0.7;0.4;0.6;1;2.6;6.3
338;Didi Louzada;G-AP;22;6.5;TOT;9;1;14.3;1.3;3.7;0.364;1;2.6;0.391;0.3;1.1;0.3;0.5;0.2;0.2;1;0.6;1.3;1.9;0.6;0.2;0.2;0.6;1.4;3.9
71;Dillon Brooks;AP;26;6.7;MEM;32;31;27.7;7.1;16.4;0.432;1.4;4.7;0.309;5.7;11.8;0.48;0.475;2.8;3.3;0.849;0.9;2.3;3.2;2.8;1.1;0.3;1.6;3.3;18.4
488;Domantas Sabonis;C;25;6.9;TOT;62;61;34.5;7.1;12.5;0.573;0.6;2;0.312;6.5;10.5;0.623;0.598;4;5.4;0.741;3.2;8.9;12.1;5.2;1;0.4;3.1;3.3;18.9
383;Donovan Mitchell;G;25;6.1;UTA;67;67;33.8;9.2;20.5;0.448;3.5;9.8;0.355;5.7;10.8;0.533;0.533;4;4.7;0.853;0.8;3.4;4.2;5.3;1.5;0.2;3;2.4;25.9
140;Donte DiVincenzo;G;25;6.4;TOT;42;1;24;2.8;8;0.351;1.8;5.2;0.339;1;2.8;0.373;0.461;1.7;2;0.843;1;3.1;4;2.8;1.1;0.2;1.7;1.6;9
168;Dorian Finney-Smith;AG;28;6.7;DAL;80;80;33.1;4.1;8.7;0.471;2.2;5.4;0.395;1.9;3.2;0.599;0.595;0.7;1;0.675;1.5;3.2;4.7;1.9;1.1;0.5;1;2.3;11
366;Doug McDermott;AG;30;6.7;SAS;51;51;24;4.2;9.1;0.462;2.1;5;0.422;2.1;4.1;0.512;0.578;0.8;1;0.784;0.4;1.9;2.3;1.3;0.3;0.1;0.8;1.5;11.3
204;Draymond Green;AG;31;6.6;GSW;46;44;28.9;2.9;5.6;0.525;0.3;1.2;0.296;2.6;4.4;0.586;0.556;1.3;2;0.659;1;6.3;7.3;7;1.3;1.1;3;3;7.5
164;Drew Eubanks;C;24;6.9;TOT;71;31;17.5;3.1;5.2;0.596;0.1;0.3;0.217;3;4.9;0.621;0.602;1.4;1.8;0.762;1.8;3.5;5.4;1.2;0.4;0.6;1.1;1.7;7.7
568;Duane Washington Jr.;P;21;6.3;IND;48;7;20.2;3.6;8.9;0.405;1.7;4.5;0.377;1.9;4.4;0.434;0.5;1;1.3;0.754;0.1;1.6;1.7;1.8;0.5;0.1;1.2;1.4;9.9
476;Duncan Robinson;G;27;6.7;MIA;79;68;25.9;3.7;9.2;0.399;2.9;7.9;0.372;0.7;1.3;0.569;0.559;0.6;0.8;0.836;0.3;2.3;2.6;1.6;0.5;0.2;0.8;2.5;10.9
253;Dwight Howard;C;36;6.8;LAL;60;27;16.2;2.2;3.7;0.612;0.1;0.3;0.533;2.1;3.4;0.618;0.63;1.6;2.4;0.658;2;4;5.9;0.6;0.6;0.6;0.8;1.9;6.2
457;Dwight Powell;C;30;6.8;DAL;82;71;21.9;3.3;4.9;0.671;0.2;0.5;0.351;3.1;4.4;0.703;0.687;2;2.6;0.783;2.1;2.8;4.9;1.2;0.5;0.5;0.8;2.7;8.7
592;Dylan Windler;AP;25;6.6;CLE;50;0;9.2;0.7;2;0.378;0.4;1.4;0.3;0.3;0.6;0.571;0.485;0.3;0.4;0.833;0.4;1.4;1.8;0.7;0.3;0.1;0.3;0.9;2.2
128;Ed Davis;C;32;6.9;CLE;31;3;6.5;0.4;0.5;0.688;0;0;0;0.4;0.5;0.688;0.688;0.2;0.5;0.429;0.5;1.6;2.1;0.2;0.1;0.3;0.2;1.1;0.9
440;Elfrid Payton;P;27;6.3;PHO;50;1;11;1.3;3.5;0.383;0.1;0.4;0.222;1.3;3.1;0.401;0.394;0.2;0.6;0.375;0.4;1.3;1.8;2;0.5;0.1;0.9;0.8;3
257;Elijah Hughes;G-AP;23;6.5;TOT;36;4;12.1;1.3;4;0.326;0.7;2.6;0.263;0.6;1.4;0.449;0.413;0.2;0.3;0.778;0.2;1.4;1.6;0.6;0.4;0.2;0.5;1.1;3.5
529;Emanuel Terry;AG;25;6.9;PHO;3;0;6;0;1.7;0;0;0;0;0;1.7;0;0;0;0;0;2.7;2.3;5;0.7;0.3;0;1.7;1.3;0
396;Emmanuel Mudiay;P;25;6.3;SAC;2;0;5.5;0;1;0;0;0;0;0;1;0;0;1.5;2;0.75;0;0;0;2;0.5;0;0.5;0.5;1.5
178;Enes Freedom;C;29;6.8;BOS;35;1;11.7;1.5;2.8;0.526;0.1;0.1;0.4;1.4;2.6;0.533;0.536;0.7;0.8;0.857;1.7;2.8;4.6;0.2;0.1;0.4;0.6;1.2;3.7
52;Eric Bledsoe;P;32;6.1;LAC;54;29;25.2;3.6;8.7;0.421;0.9;3;0.313;2.7;5.6;0.479;0.475;1.6;2.2;0.761;0.5;2.9;3.4;4.2;1.3;0.4;2.1;1.6;9.9
199;Eric Gordon;G;33;6.3;HOU;57;46;29.3;4.7;9.9;0.475;2.2;5.3;0.412;2.5;4.6;0.548;0.585;1.8;2.4;0.778;0.3;1.7;2;2.7;0.5;0.3;1.9;1.1;13.4
437;Eric Paschall;AG;25;6.6;UTA;58;3;12.7;2;4.1;0.485;0.7;1.9;0.37;1.3;2.2;0.583;0.57;1.1;1.5;0.767;0.5;1.3;1.8;0.6;0.2;0.1;0.5;0.9;5.8
428;Eugene Omoruyi;AP;24;6.6;DAL;4;0;4.5;0.5;1.3;0.4;0.3;0.5;0.5;0.3;0.8;0.333;0.5;0.5;1;0.5;0.5;1.3;1.8;0.5;0;0;0;0.5;1.8
174;Evan Fournier;G;29;6.6;NYK;80;80;29.5;5;12.1;0.417;3;7.7;0.389;2;4.3;0.465;0.541;1;1.4;0.708;0.4;2.2;2.6;2.1;1;0.3;1.3;2.3;14.1
384;Evan Mobley;AG;20;6.9;CLE;69;69;33.8;6.1;12;0.508;0.3;1.3;0.25;5.8;10.7;0.541;0.522;2.4;3.7;0.663;2.1;6.2;8.3;2.5;0.8;1.7;1.9;2.1;15
90;Facundo Campazzo;P;30;5.10;DEN;65;4;18.2;1.6;4.6;0.361;0.9;3;0.301;0.8;1.6;0.476;0.459;0.9;1.2;0.769;0.4;1.4;1.8;3.4;1;0.4;1;1.9;5.1
258;Feron Hunt;AP;22;6.8;NYK;2;0;4;0;1;0;0;0;0;0;1;0;0;0;0;0;0.5;0;0.5;0.5;0.5;0;0.5;0.5;0
268;Frank Jackson;P;23;6.3;DET;53;7;22;3.7;9.1;0.402;1.6;5.3;0.308;2;3.8;0.529;0.491;1.6;2;0.827;0.4;1.3;1.6;1;0.5;0.2;0.7;1.7;10.6
303;Frank Kaminsky;C;28;7.0;PHO;9;0;20.1;4;7.3;0.545;0.6;1.7;0.333;3.4;5.7;0.608;0.583;2;2.2;0.9;1.2;3.3;4.6;1.4;0.9;0.8;0.6;1.6;10.6
414;Frank Ntilikina;P;23;6.4;DAL;58;5;11.8;1.5;3.8;0.399;0.7;1.9;0.342;0.9;1.9;0.455;0.484;0.4;0.4;0.96;0.2;1.2;1.4;1.2;0.5;0.1;0.5;1.1;4.1
559;Franz Wagner;AP;20;6.8;ORL;79;79;30.7;5.8;12.3;0.468;1.2;3.4;0.354;4.6;8.9;0.511;0.517;2.4;2.8;0.863;1.1;3.4;4.5;2.9;0.9;0.4;1.5;2.1;15.2
554;Fred VanVleet;P;27;6.1;TOR;65;65;37.9;6.8;16.9;0.403;3.7;9.9;0.377;3.1;7;0.44;0.513;3;3.4;0.874;0.7;3.8;4.4;6.7;1.7;0.5;2.6;2.5;20.3
194;Freddie Gillespie;AG;24;6.9;ORL;9;2;13.2;1;2.4;0.409;0;0.1;0;1;2.3;0.429;0.409;0.3;0.8;0.429;1.4;2.6;4;0.6;0.3;1;0.6;2;2.3
314;Furkan Korkmaz;G;24;6.7;PHI;67;19;21.1;2.7;7;0.387;1.1;4;0.289;1.6;3;0.515;0.469;1;1.3;0.81;0.3;2.3;2.6;1.9;0.5;0.1;0.7;0.9;7.6
556;Gabe Vincent;P;25;6.3;MIA;68;27;23.4;3.1;7.5;0.417;1.8;4.8;0.368;1.4;2.8;0.5;0.533;0.6;0.8;0.815;0.3;1.5;1.9;3.1;0.9;0.2;1.4;2.3;8.7
600;Gabe York;G;28;6.3;IND;2;0;10.5;1;3.5;0.286;0.5;3;0.167;0.5;0.5;1;0.357;1.5;2.5;0.6;0;1;1;2;1;0.5;0.5;2;4
130;Gabriel Deck;AG;26;6.6;OKC;7;0;8;1.1;2;0.571;0.3;0.6;0.5;0.9;1.4;0.6;0.643;0;0;0;0.1;0.7;0.9;0.7;0.1;0;0.3;0.3;2.6
341;Gabriel Lundberg;G;27;6.4;PHO;4;0;11;1.3;4.8;0.263;0.8;2;0.375;0.5;2.8;0.182;0.342;0;0;0;0.5;1.3;1.8;2.8;0.8;0;0.8;1.8;3.3
528;Garrett Temple;G;35;6.5;NOP;59;16;18.6;1.9;5;0.376;1;3.1;0.319;0.9;1.9;0.473;0.476;0.5;0.7;0.683;0.5;1.9;2.4;1.3;0.7;0.4;0.7;1.4;5.2
355;Garrison Mathews;G;25;6.5;HOU;65;33;26.3;2.8;7.1;0.399;2.1;5.9;0.36;0.7;1.2;0.6;0.55;2.2;2.8;0.794;0.5;2.4;2.9;1;0.9;0.4;0.6;2.6;10
105;Gary Clark;AG;27;6.6;NOP;38;1;9.9;0.9;2.3;0.375;0.7;1.8;0.4;0.1;0.5;0.278;0.534;0.2;0.3;0.7;0.6;1.8;2.4;0.5;0.3;0.2;0.3;0.5;2.7
222;Gary Harris;G;27;6.4;ORL;61;30;28.4;3.9;9.1;0.434;1.9;5;0.384;2;4.1;0.494;0.539;1.4;1.6;0.874;0.6;1.4;2;1.8;1;0.1;1;1.8;11.1
441;Gary Payton II;P;29;6.3;GSW;71;16;17.6;3;4.8;0.616;0.6;1.7;0.358;2.4;3.2;0.754;0.679;0.5;0.8;0.603;1;2.5;3.5;0.9;1.4;0.3;0.6;1.8;7.1
547;Gary Trent Jr.;G;23;6.5;TOR;70;69;35;6.4;15.5;0.414;3;7.8;0.383;3.4;7.7;0.445;0.511;2.5;2.9;0.853;0.4;2.4;2.7;2;1.7;0.3;1;2.1;18.3
239;George Hill;G;35;6.4;MIL;54;17;23.2;2.2;5.1;0.429;0.8;2.5;0.306;1.4;2.6;0.546;0.504;1.1;1.1;0.919;0.7;2.2;2.9;2.2;0.8;0.1;0.8;1.3;6.2
306;George King;AP;28;6.6;DAL;4;0;4.8;0;1.3;0;0;1;0;0;0.3;0;0;0.3;0.5;0.5;0;1.3;1.3;0;0;0;0.3;1;0.3
409;Georges Niang;AG;28;6.7;PHI;76;7;22.8;3.2;7.4;0.437;2.1;5.1;0.403;1.2;2.3;0.511;0.575;0.7;0.8;0.881;0.3;2.3;2.7;1.3;0.4;0.2;0.8;2.5;9.2
302;Georgios Kalaitzakis;AP;23;6.7;TOT;13;4;16.5;2.4;5.2;0.463;0.8;2;0.385;1.6;3.2;0.512;0.537;1.1;2.3;0.467;0.5;1.2;1.6;0.9;0.8;0.2;1.5;1.5;6.6
12;Giannis Antetok.;AG;27;6.9;MIL;67;67;32.9;10.3;18.6;0.553;1.1;3.6;0.293;9.2;15;0.616;0.582;8.3;11.4;0.722;2;9.6;11.6;5.8;1.1;1.4;3.3;3.2;29.9
49;Goga Bitadze;C;22;7.0;IND;50;16;14.6;2.6;5;0.52;0.5;1.6;0.288;2.2;3.4;0.628;0.565;1.3;1.9;0.681;1.6;2;3.5;1.1;0.4;0.8;0.9;2.1;7
149;Goran Dragic;P;35;6.3;TOT;21;8;23.7;2.7;7.2;0.377;0.8;3;0.254;2;4.2;0.466;0.43;1.3;1.6;0.818;0.6;2.5;3.1;4.1;0.9;0.2;1.6;2.1;7.5
232;Gordon Hayward;AP;31;6.7;CHO;49;48;31.9;5.8;12.6;0.459;1.8;4.5;0.391;4;8.1;0.496;0.528;2.6;3;0.846;0.8;3.8;4.6;3.6;1;0.4;1.7;1.7;15.9
138;Gorgui Dieng;C;32;6.8;ATL;44;3;8.4;1.2;2.5;0.473;0.7;1.5;0.426;0.5;1;0.545;0.603;0.4;0.6;0.731;0.7;2;2.8;0.8;0.3;0.3;0.5;1.2;3.5
585;Grant Williams;AG;23;6.6;BOS;77;21;24.4;2.7;5.6;0.475;1.4;3.4;0.411;1.3;2.3;0.569;0.597;1.1;1.2;0.905;0.8;2.7;3.6;1;0.5;0.7;0.8;2.4;7.8
7;Grayson Allen;G;26;6.4;MIL;66;61;27.3;3.9;8.6;0.448;2.4;5.9;0.409;1.5;2.7;0.533;0.588;1;1.1;0.865;0.5;2.9;3.4;1.5;0.7;0.3;0.7;1.5;11.1
75;Greg Brown III;AP;20;6.7;POR;48;6;13.3;1.7;4;0.426;0.4;1.3;0.311;1.3;2.7;0.481;0.476;0.9;1.4;0.677;0.8;2;2.8;0.7;0.5;0.5;0.8;1.9;4.7
386;Greg Monroe;C;31;6.8;TOT;14;0;13.9;2.3;4.1;0.561;0;0;0;2.3;4.1;0.561;0.561;0.9;1.6;0.522;2.1;2.4;4.6;1.6;0.6;0.7;0.9;1.7;5.4
137;Hamidou Diallo;G;23;6.5;DET;58;29;21.9;4.5;9.1;0.496;0.4;1.6;0.247;4.1;7.5;0.55;0.518;1.6;2.4;0.65;1.2;3.6;4.8;1.3;1.2;0.3;1;2.5;11
31;Harrison Barnes;AG;29;6.8;SAC;77;77;33.6;5.1;10.8;0.469;1.8;4.7;0.394;3.2;6.2;0.525;0.554;4.4;5.4;0.826;1.1;4.5;5.6;2.4;0.7;0.2;1.5;1.2;16.4
579;Hassan Whiteside;C;32;7.0;UTA;65;8;17.9;3.3;5.1;0.652;0;0;0;3.3;5.1;0.652;0.652;1.6;2.6;0.623;2.6;5;7.6;0.4;0.3;1.6;0.8;2.8;8.2
202;Hassani Gravett;P;25;6.2;ORL;8;3;21.4;2.3;4.8;0.474;1.4;3.3;0.423;0.9;1.5;0.583;0.618;0.4;0.5;0.75;0.1;2.5;2.6;2.5;0.6;0.1;1.1;1.6;6.3
238;Haywood Highsmith;AP;25;6.4;MIA;19;1;8.6;0.8;2.4;0.348;0.5;1.5;0.321;0.4;0.9;0.389;0.446;0.1;0.3;0.4;0.5;0.8;1.4;0.3;0.1;0.2;0.2;0.7;2.3
294;Herbert Jones;AG;23;6.7;NOP;78;69;29.9;3.5;7.4;0.476;0.7;2.2;0.337;2.8;5.2;0.533;0.525;1.8;2.1;0.84;1.3;2.5;3.8;2.1;1.7;0.8;1.3;3.1;9.5
65;Ignas Brazdeikis;AP;23;6.6;ORL;42;1;12.8;1.9;4.5;0.431;0.6;2.1;0.31;1.3;2.4;0.535;0.503;0.5;0.8;0.656;0.5;1.2;1.7;0.9;0.2;0.1;0.4;1.1;5
465;Immanuel Quickley;P;22;6.3;NYK;78;3;23.1;3.6;9.3;0.392;1.8;5.1;0.346;1.9;4.2;0.448;0.487;2.3;2.6;0.881;0.4;2.8;3.2;3.5;0.7;0;1.3;2.1;11.3
58;Isaac Bonga;AP;22;6.8;TOR;15;0;4.6;0.2;0.9;0.231;0.1;0.3;0.25;0.1;0.6;0.222;0.269;0.3;0.5;0.625;0.3;0.2;0.5;0.3;0.5;0.1;0.1;0.7;0.8
423;Isaac Okoro;AP;21;6.5;CLE;67;61;29.6;3.1;6.4;0.48;0.8;2.3;0.35;2.3;4.1;0.555;0.544;1.8;2.3;0.768;1.1;1.9;3;1.8;0.8;0.3;0.9;2.4;8.8
227;Isaiah Hartenstein;C;23;7.0;LAC;68;0;17.9;3.4;5.4;0.626;0.2;0.4;0.467;3.2;4.9;0.64;0.645;1.3;1.9;0.689;1.7;3.2;4.9;2.4;0.7;1.1;1.2;2.5;8.3
269;Isaiah Jackson;AG;20;6.8;IND;36;15;15;3.2;5.7;0.563;0.1;0.4;0.313;3.1;5.3;0.584;0.575;1.7;2.4;0.682;1.7;2.5;4.1;0.3;0.7;1.4;1.1;2.6;8.3
278;Isaiah Joe;G;22;6.4;PHI;55;1;11.1;1.1;3.2;0.35;0.8;2.5;0.333;0.3;0.8;0.405;0.477;0.5;0.6;0.935;0.1;0.9;1;0.6;0.3;0.1;0.3;0.9;3.6
334;Isaiah Livers;AP;23;6.6;DET;19;5;20.2;2.2;4.7;0.456;1.4;3.4;0.422;0.7;1.4;0.538;0.606;0.6;0.7;0.857;0.8;2.2;3;1.1;0.7;0.4;0.8;1.9;6.4
480;Isaiah Roby;AG;23;6.8;OKC;45;28;21.1;3.7;7.2;0.514;1;2.2;0.444;2.7;5;0.545;0.582;1.7;2.6;0.672;1.7;3.2;4.8;1.6;0.8;0.8;1;2.4;10.1
520;Isaiah Stewart;C;20;6.8;DET;71;71;25.6;3.5;6.9;0.51;0.2;0.6;0.326;3.3;6.3;0.529;0.526;1;1.5;0.718;3.2;5.5;8.7;1.2;0.3;1.1;1.2;3;8.3
535;Isaiah Thomas;P;32;5.9;TOT;22;1;15.1;3;7.6;0.401;1.3;3.8;0.337;1.8;3.8;0.464;0.485;1;1.2;0.846;0.2;1.1;1.3;1.5;0.3;0.2;0.7;1.5;8.4
543;Isaiah Todd;AG;20;6.9;WAS;12;0;6.2;0.6;2.2;0.269;0.3;1.3;0.25;0.3;0.8;0.3;0.346;0.2;0.5;0.333;0.3;0.8;1;0.3;0.3;0.2;0.3;0.3;1.7
511;Ish Smith;P;33;6.0;TOT;65;1;17.3;2.8;6.6;0.43;0.4;1;0.373;2.5;5.6;0.441;0.459;0.2;0.4;0.625;0.4;1.8;2.2;3.8;0.7;0.4;1.2;1.2;6.3
561;Ish Wainright;AG;27;6.5;PHO;45;0;8;0.9;2.3;0.394;0.4;1.3;0.322;0.5;1;0.489;0.486;0.2;0.3;0.583;0.6;0.6;1.2;0.3;0.4;0.1;0.3;1.1;2.4
605;Ivica Zubac;C;24;7.0;LAC;76;76;24.4;4.1;6.5;0.626;0;0;0;4.1;6.5;0.626;0.626;2.2;3;0.727;2.9;5.6;8.5;1.6;0.5;1;1.5;2.7;10.3
390;Ja Morant;P;22;6.9;MEM;57;57;33.1;10.2;20.6;0.493;1.5;4.5;0.344;8.6;16.2;0.534;0.53;5.5;7.3;0.761;1.4;4.4;5.7;6.7;1.2;0.4;3.4;1.5;27.4
436;Jabari Parker;AG;26;6.3;BOS;12;0;9.3;1.5;3.2;0.474;0.7;1.3;0.5;0.8;1.8;0.455;0.579;0.8;0.8;1;0.4;1.9;2.3;0.5;0.3;0.1;0.7;1.1;4.4
364;Jaden McDaniels;AG;21;6.8;MIN;70;31;25.8;3.6;7.9;0.46;1.1;3.6;0.317;2.5;4.3;0.579;0.532;0.8;1;0.803;1.1;3.1;4.2;1.1;0.7;0.8;1.1;3.2;9.2
515;Jaden Springer;G;19;6.4;PHI;2;0;3;0.5;0.5;1;0;0;0;0.5;0.5;1;1;0;0;0;0.5;0.5;1;0;0;1;0.5;0;1
121;Jae Crowder;AG;31;7.0;PHO;67;67;28.1;3.2;8.1;0.399;1.9;5.4;0.348;1.3;2.7;0.503;0.516;1.1;1.3;0.789;0.4;4.8;5.3;1.9;1.4;0.4;0.8;2.6;9.4
525;Jae'Sean Tate;AP;26;6.7;HOU;78;77;26.4;4.7;9.3;0.498;0.8;2.6;0.312;3.8;6.8;0.569;0.541;1.7;2.4;0.707;1.7;3.7;5.4;2.8;0.9;0.5;1.8;3.7;11.8
466;Jahmi'us Ramsey;G;20;6.9;SAC;19;0;7.1;1.3;3.1;0.414;0.3;0.9;0.278;1;2.1;0.475;0.457;0.4;0.7;0.5;0.2;0.5;0.7;0.4;0.1;0.1;0.3;0.5;3.2
155;Jaime Echenique;C;24;6.4;WAS;1;0;3;0;0;0;0;0;0;0;0;0;0;0;0;0;0;0;0;0;0;0;0;0;0
325;Jake Layman;AP;27;6.6;MIN;34;1;6.8;0.9;2.1;0.411;0.2;1;0.229;0.6;1.1;0.579;0.466;0.4;0.5;0.722;0.2;0.9;1.1;0.3;0.2;0.1;0.3;0.4;2.4
447;Jakob Poeltl;C;26;6.4;SAS;68;67;29;6;9.8;0.618;0;0;1;6;9.7;0.618;0.619;1.4;2.8;0.495;3.9;5.5;9.3;2.8;0.7;1.7;1.6;3.1;13.5
80;Jalen Brunson;P;25;6.3;DAL;79;61;31.9;6.4;12.8;0.502;1.2;3.2;0.373;5.2;9.6;0.545;0.549;2.3;2.7;0.84;0.5;3.4;3.9;4.8;0.8;0;1.6;1.9;16.3
205;Jalen Green;G;19;6.8;HOU;67;67;31.9;6.1;14.2;0.426;2.3;6.8;0.343;3.7;7.4;0.502;0.508;2.8;3.5;0.797;0.5;2.9;3.4;2.6;0.7;0.3;2;1.5;17.3
283;Jalen Johnson;AG;20;7.1;ATL;22;0;5.5;1;1.9;0.537;0.1;0.6;0.231;0.9;1.3;0.679;0.573;0.2;0.3;0.714;0.1;1.1;1.2;0.1;0.1;0.1;0.4;0.4;2.4
365;Jalen McDaniels;AP;24;6.1;CHO;55;2;16.3;2.2;4.6;0.484;0.7;2;0.38;1.5;2.7;0.562;0.565;1;1.3;0.736;0.7;2.4;3.1;1.1;0.5;0.4;0.7;1.7;6.2
512;Jalen Smith;AG;21;6.4;TOT;51;8;18.1;3.5;6.9;0.503;0.8;2.4;0.328;2.7;4.5;0.596;0.56;1.5;2;0.765;2;4;6;0.5;0.3;0.8;0.8;1.9;9.2
522;Jalen Suggs;P;20;6.8;ORL;48;45;27.2;4.1;11.4;0.361;0.9;4.1;0.214;3.3;7.3;0.443;0.4;2.6;3.4;0.773;0.5;3;3.6;4.4;1.2;0.4;3;3;11.8
62;James Bouknight;G;21;6.9;CHO;31;0;9.8;1.6;4.5;0.348;0.5;1.6;0.347;1;3;0.348;0.408;0.9;1;0.871;0.7;1;1.7;0.8;0.2;0;0.5;0.9;4.6
163;James Ennis III;AP;31;6.8;TOT;7;0;8;1.6;3.4;0.458;0.4;1.1;0.375;1.1;2.3;0.5;0.521;0.6;0.7;0.8;0.7;1;1.7;0.4;0.3;0.3;0.3;0.7;4.1
218;James Harden;P;32;6.5;TOT;65;65;37.2;6.3;15.3;0.41;2.3;6.9;0.33;4;8.4;0.476;0.485;7.2;8.2;0.877;0.8;6.8;7.7;10.3;1.3;0.6;4.4;2.4;22
284;James Johnson;AG;34;6.4;BRK;62;10;19.2;2.3;5;0.469;0.4;1.4;0.271;2;3.6;0.545;0.507;0.5;0.9;0.527;0.8;2.6;3.5;2.1;0.5;0.5;0.8;2.6;5.5
444;Jamorko Pickett;AG;24;6.6;DET;13;0;13.5;1.4;3.8;0.36;1;3;0.333;0.4;0.8;0.455;0.49;0.1;0.2;0.5;0.5;2;2.5;0.5;0;0.5;0.4;0.9;3.8
206;JaMychal Green;AG;31;6.5;DEN;67;8;16.2;2.4;4.9;0.486;0.5;1.9;0.266;1.9;3;0.621;0.537;1.2;1.4;0.871;1.2;3;4.2;0.9;0.6;0.4;0.9;2.4;6.4
371;JaQuori McLaughlin;P;24;6.7;DAL;4;0;2.8;0;0.5;0;0;0.3;0;0;0.3;0;0;0;0;0;0;0;0;0.5;0;0;0;0.3;0
86;Jared Butler;G;21;6.8;UTA;42;1;8.6;1.5;3.6;0.404;0.7;2.1;0.318;0.8;1.5;0.524;0.497;0.3;0.4;0.688;0.1;1;1.1;1.5;0.4;0.2;0.8;1.1;3.8
220;Jared Harper;P;24;6.9;NOP;5;0;8.6;2.8;5.2;0.538;1;2.4;0.417;1.8;2.8;0.643;0.635;0.8;0.8;1;0.4;0;0.4;2.8;0.8;0.2;0.4;1;7.4
270;Jaren Jackson Jr.;AG;22;6.3;MEM;78;78;27.3;5.5;13.3;0.415;1.6;5.1;0.319;3.9;8.1;0.476;0.477;3.6;4.4;0.823;1.5;4.3;5.8;1.1;0.9;2.3;1.7;3.5;16.3
553;Jarred Vanderbilt;AG;22;5.10;MIN;74;67;25.4;2.9;4.9;0.587;0;0.2;0.143;2.8;4.7;0.605;0.59;1.2;1.8;0.656;2.9;5.5;8.4;1.3;1.3;0.6;1;2.4;6.9
8;Jarrett Allen;C;23;6.9;CLE;56;56;32.3;6.6;9.7;0.677;0;0.2;0.1;6.6;9.6;0.688;0.678;2.9;4.2;0.708;3.4;7.3;10.8;1.6;0.8;1.3;1.7;1.7;16.1
122;Jarrett Culver;G;22;6.9;MEM;37;0;9.1;1.4;3.6;0.378;0.3;1.3;0.255;1.1;2.4;0.443;0.422;0.4;0.9;0.471;0.4;0.9;1.3;0.9;0.5;0.1;0.5;1.1;3.5
123;Jarron Cumberland;G;24;6.8;POR;3;0;4;0.3;0.7;0.5;0;0.3;0;0.3;0.3;1;0.5;0;0;0;0.3;0.7;1;0.3;0;0;0;0.7;0.7
367;JaVale McGee;C;34;6.6;PHO;74;17;15.8;3.9;6.2;0.629;0;0.1;0.222;3.9;6.1;0.637;0.631;1.4;2;0.699;2.2;4.5;6.7;0.6;0.3;1.1;1.3;2.4;9.2
133;Javin DeLaurier;C;23;6.5;MIL;1;0;3;0;0;0;0;0;0;0;0;0;0;0;0;0;0;1;1;0;1;0;0;1;0
207;Javonte Green;AP;28;6.8;CHI;65;45;23.4;2.7;5;0.542;0.6;1.6;0.356;2.2;3.4;0.625;0.597;1.2;1.5;0.833;1.4;2.8;4.2;0.9;1;0.5;0.5;2;7.2
508;Javonte Smart;P;22;6.5;TOT;17;1;11.8;1.1;3.5;0.317;0.5;1.6;0.296;0.6;1.9;0.333;0.383;0.3;0.4;0.833;0.3;1.1;1.4;0.9;0.4;0.2;0.6;0.7;3
230;Jaxson Hayes;C;21;6.4;NOP;70;28;20;3.5;5.7;0.616;0.3;0.8;0.351;3.2;4.9;0.66;0.641;2.1;2.7;0.766;1.6;2.9;4.5;0.6;0.5;0.8;0.8;2.2;9.3
256;Jay Huff;C;23;6.9;LAL;4;0;5;0;0.8;0;0;0.5;0;0;0.3;0;0;0;0;0;0.3;0.8;1;0.3;0.3;0.3;0.3;0.3;0
495;Jay Scrubb;G;21;7.1;LAC;18;0;6.7;1;2.6;0.391;0.3;1.2;0.286;0.7;1.4;0.48;0.457;0.4;0.6;0.7;0.1;0.8;0.9;0.4;0.2;0.2;0.4;0.5;2.7
76;Jaylen Brown;AP;25;6.5;BOS;66;66;33.6;8.7;18.4;0.473;2.5;7;0.358;6.2;11.4;0.544;0.541;3.7;4.8;0.758;0.8;5.3;6.1;3.5;1.1;0.3;2.7;2.5;23.6
243;Jaylen Hoard;AP;22;6.6;OKC;7;5;34.3;6.3;12.9;0.489;1.3;3.6;0.36;5;9.3;0.538;0.539;0.9;2;0.429;4.3;7.7;12;2.4;0.9;0.7;1.1;2;14.7
392;Jaylen Morris;G;26;6.8;SAS;3;0;5.3;0;2;0;0;0.7;0;0;1.3;0;0;0.7;1.3;0.5;0;0.7;0.7;0.7;0;0;0.3;0.7;0.7
413;Jaylen Nowell;G;22;6.5;MIN;62;1;15.7;3.2;6.7;0.475;1;2.6;0.394;2.1;4.1;0.526;0.551;1.2;1.5;0.783;0.4;1.6;2;2.1;0.4;0.2;0.6;1.2;8.5
433;Jaysean Paige;P;27;6.4;DET;1;0;7;0;3;0;0;2;0;0;1;0;0;0;0;0;0;1;1;1;0;0;1;2;0
526;Jayson Tatum;AP;23;6.2;BOS;76;76;35.9;9.3;20.6;0.453;3;8.6;0.353;6.3;12;0.524;0.526;5.3;6.2;0.853;1.1;6.9;8;4.4;1;0.6;2.9;2.3;26.9
147;Jeff Dowtin;P;24;6.8;TOT;9;0;12;0.9;2.9;0.308;0.1;1;0.111;0.8;1.9;0.412;0.327;0.2;0.2;1;0.9;1.1;2;1.1;0.6;0.1;0.6;0.6;2.1
208;Jeff Green;C;35;6.3;DEN;75;63;24.7;3.7;7.1;0.524;0.7;2.2;0.315;3;4.8;0.62;0.574;2.2;2.6;0.833;0.5;2.5;3.1;1.3;0.4;0.4;0.9;2;10.3
295;Jemerrio Jones;AP;26;6.8;LAL;2;0;7.5;1;1.5;0.667;0;0;0;1;1.5;0.667;0.667;0;0;0;1;0.5;1.5;0;0.5;0;0;1;2
201;Jerami Grant;AG;27;6.5;DET;47;47;31.9;6.3;14.9;0.426;1.9;5.4;0.358;4.4;9.5;0.465;0.491;4.6;5.5;0.838;0.6;3.5;4.1;2.4;0.9;1;1.8;2.3;19.2
479;Jeremiah Robinson-Earl;C;21;6.8;OKC;49;36;22.2;2.7;6.6;0.414;1.2;3.4;0.352;1.6;3.2;0.478;0.503;0.8;1.1;0.741;1.5;4.1;5.6;1;0.6;0.3;0.8;1.5;7.5
321;Jeremy Lamb;AP-G;29;6.8;TOT;56;0;16.7;2.4;6.2;0.383;1;3;0.324;1.4;3.2;0.441;0.463;1.6;1.9;0.84;0.5;2.3;2.8;1.4;0.6;0.4;0.7;1.1;7.3
506;Jericho Sims;AG;23;6.5;NYK;41;5;13.5;1;1.3;0.722;0;0;0;1;1.3;0.722;0.722;0.3;0.7;0.414;1.5;2.6;4.1;0.5;0.3;0.5;0.5;1.6;2.2
95;Jevon Carter;P;26;6.9;TOT;66;3;13.7;1.5;3.8;0.387;1;2.6;0.388;0.5;1.3;0.386;0.518;0.2;0.3;0.833;0.2;1.5;1.7;1.5;0.4;0.2;0.5;1;4.2
87;Jimmy Butler;AP;32;6.1;MIA;57;57;33.9;7;14.5;0.48;0.5;2;0.233;6.5;12.5;0.52;0.496;6.9;8;0.87;1.8;4.1;5.9;5.5;1.6;0.5;2.1;1.5;21.4
322;Jock Landale;C;26;6.7;SAS;54;1;10.9;1.9;3.8;0.495;0.5;1.6;0.326;1.3;2.1;0.626;0.566;0.6;0.8;0.829;1.2;1.4;2.6;0.8;0.2;0.3;0.6;1;4.9
223;Joe Harris;AP;30;6.9;BRK;14;14;30.2;4;8.9;0.452;2.9;6.3;0.466;1.1;2.6;0.417;0.617;0.4;0.4;0.833;0.4;3.6;4;1;0.5;0.1;1.1;2.2;11.3
264;Joe Ingles;AP;34;6.6;UTA;45;15;24.9;2.6;6.3;0.404;1.7;5;0.347;0.8;1.3;0.617;0.54;0.4;0.5;0.773;0.3;2.6;2.9;3.5;0.5;0.1;1;1.8;7.2
285;Joe Johnson;G;40;6.8;BOS;1;0;2;1;1;1;0;0;0;1;1;1;1;0;0;0;0;0;0;0;0;0;0;0;2
580;Joe Wieskamp;G;22;6.7;SAS;29;0;7.1;0.7;1.9;0.357;0.5;1.5;0.326;0.2;0.4;0.462;0.482;0.2;0.4;0.538;0.1;0.3;0.5;0.3;0.1;0.1;0.1;0.5;2.1
21;Joel Ayayi;G;21;6.6;WAS;7;0;2.9;0.1;0.9;0.167;0;0.1;0;0.1;0.7;0.2;0.167;0;0;0;0.1;0.3;0.4;0.6;0;0;0;0;0.3
162;Joel Embiid;C;27;6.4;PHI;68;68;33.8;9.8;19.6;0.499;1.4;3.7;0.371;8.4;15.9;0.529;0.534;9.6;11.8;0.814;2.1;9.6;11.7;4.2;1.1;1.5;3.1;2.7;30.6
110;John Collins;AG;24;7.0;ATL;54;53;30.8;6.3;11.9;0.526;1.2;3.3;0.364;5.1;8.7;0.588;0.576;2.5;3.1;0.793;1.7;6.1;7.8;1.8;0.6;1;1.1;3;16.2
313;John Konchar;G;25;6.9;MEM;72;7;17.9;1.9;3.6;0.515;0.7;1.8;0.413;1.2;1.9;0.61;0.615;0.4;0.7;0.551;1.2;3.4;4.6;1.5;0.6;0.3;0.4;1.3;4.8
531;Jon Teske;C;24;6.5;MEM;3;0;2.7;0;0.3;0;0;0;0;0;0.3;0;0;0;0.7;0;0;0.7;0.7;0.3;0.3;0;0;0.3;0
551;Jonas Valan?i?nas;C;29;7.1;NOP;74;74;30.3;6.9;12.7;0.544;0.8;2.1;0.361;6.1;10.5;0.581;0.574;3.2;3.9;0.82;3.1;8.3;11.4;2.6;0.6;0.8;2.4;3.3;17.8
318;Jonathan Kuminga;AP;19;6.9;GSW;70;12;16.9;3.4;6.6;0.513;0.7;2.1;0.336;2.7;4.4;0.598;0.567;1.9;2.7;0.684;0.8;2.6;3.3;0.9;0.4;0.3;1.1;2.1;9.3
43;Jordan Bell;C;27;6.7;CHI;1;0;2;0;0;0;0;0;0;0;0;0;0;0;0;0;1;0;1;0;1;0;0;2;0
107;Jordan Clarkson;G;29;6.7;UTA;79;1;27.1;5.9;14.1;0.419;2.4;7.6;0.318;3.5;6.5;0.535;0.504;1.8;2.2;0.828;0.8;2.6;3.5;2.5;0.8;0.2;1.6;1.9;16
197;Jordan Goodwin;G;23;6.4;WAS;2;0;3;0;1.5;0;0;0.5;0;0;1;0;0;0;0;0;0;0.5;0.5;0;0;0;0;0.5;0
372;Jordan McLaughlin;P;25;6.3;MIN;62;3;14.5;1.4;3.2;0.44;0.4;1.4;0.318;1;1.9;0.53;0.508;0.5;0.6;0.75;0.4;1.2;1.5;2.9;0.9;0.2;0.6;0.9;3.8
417;Jordan Nwora;AP;23;5.9;MIL;62;13;19.1;3;7.5;0.403;1.3;3.7;0.348;1.7;3.8;0.455;0.488;0.6;0.7;0.837;0.6;3;3.6;1;0.4;0.3;0.9;1.3;7.9
450;Jordan Poole;G;22;6.8;GSW;76;51;30;6.2;13.9;0.448;2.8;7.6;0.364;3.5;6.3;0.55;0.548;3.2;3.5;0.925;0.4;3;3.4;4;0.8;0.3;2.5;2.7;18.5
491;Jordan Schakel;G;23;6.4;WAS;4;0;7.5;0.3;2.8;0.091;0.3;1.5;0.167;0;1.3;0;0.136;0.5;0.5;1;0.5;1.5;2;0;0.3;0;0.3;0;1.3
9;Jose Alvarado;P;23;6.6;NOP;54;1;15.4;2.4;5.4;0.446;0.6;2;0.291;1.8;3.4;0.538;0.5;0.7;1;0.679;0.5;1.4;1.9;2.8;1.3;0.1;0.7;1.4;6.1
104;Josh Christopher;G;20;6.0;HOU;74;2;18;3;6.8;0.448;0.8;2.6;0.296;2.3;4.2;0.54;0.504;1.1;1.5;0.735;0.7;1.8;2.5;2;0.9;0.2;1.5;1.3;7.9
191;Josh Giddey;G;19;6.3;OKC;54;54;31.5;5.2;12.4;0.419;1;3.9;0.263;4.2;8.5;0.492;0.461;1;1.5;0.709;1.8;6;7.8;6.4;0.9;0.4;3.2;1.6;12.5
209;Josh Green;G;21;6.8;DAL;67;3;15.5;1.9;3.8;0.508;0.4;1.2;0.359;1.5;2.7;0.573;0.563;0.5;0.7;0.689;0.8;1.6;2.4;1.2;0.7;0.2;0.7;1.7;4.8
226;Josh Hart;G-AP;26;6.5;TOT;54;53;33.2;5.3;10.5;0.504;1.4;3.9;0.343;4;6.6;0.601;0.569;3;3.9;0.758;1.1;6;7.2;4.1;1.1;0.2;2.1;2.8;14.9
271;Josh Jackson;AP;24;6.5;TOT;51;3;16.3;2.4;5.9;0.4;0.6;2.5;0.254;1.7;3.3;0.512;0.455;1.1;1.5;0.714;0.4;2.4;2.8;1.1;0.5;0.4;0.9;1.7;6.4
421;Josh Okogie;G;23;6.8;MIN;49;6;10.5;0.9;2.1;0.404;0.3;1;0.298;0.6;1.2;0.491;0.471;0.7;1;0.686;0.6;0.8;1.4;0.5;0.5;0.2;0.5;1.1;2.7
474;Josh Richardson;G;28;6.4;TOT;65;7;24.6;3.6;8.2;0.438;1.6;3.8;0.415;2;4.4;0.458;0.534;1.5;1.7;0.889;0.6;2.2;2.8;1.8;0.9;0.4;1;1.8;10.2
460;Joshua Primo;G;19;6.5;SAS;50;16;19.3;2;5.4;0.374;0.8;2.7;0.307;1.2;2.7;0.444;0.452;0.9;1.2;0.746;0.6;1.6;2.3;1.6;0.4;0.5;1.1;1.6;5.8
245;Jrue Holiday;P;31;6.4;MIL;67;64;32.9;7.1;14.2;0.501;2;4.8;0.411;5.2;9.4;0.547;0.57;2;2.7;0.761;1;3.5;4.5;6.8;1.6;0.4;2.7;2;18.3
539;JT Thor;AG;19;6.3;CHO;33;0;7.9;0.7;1.7;0.436;0.2;0.8;0.259;0.5;0.8;0.607;0.5;0.4;0.6;0.6;0.3;1;1.3;0.6;0.2;0.3;0.3;0.8;2
545;Juan Toscano-Anderson;AP;28;6.6;GSW;73;6;13.6;1.6;3.2;0.489;0.4;1.2;0.322;1.2;2;0.588;0.549;0.5;1;0.571;0.4;2;2.4;1.7;0.7;0.2;0.9;1.6;4.1
234;Juancho Hernangomez;AG;26;6.9;TOT;40;9;11.1;1.1;2.7;0.415;0.6;1.7;0.348;0.5;0.9;0.541;0.528;0.5;0.9;0.559;0.7;1.8;2.5;0.5;0.4;0.3;0.4;0.6;3.3
467;Julius Randle;AG;27;6.8;NYK;72;72;35.3;7.1;17.3;0.411;1.7;5.4;0.308;5.4;11.9;0.458;0.459;4.2;5.6;0.756;1.7;8.2;9.9;5.1;0.7;0.5;3.4;2.8;20.1
10;Justin Anderson;AP;28;6.5;TOT;16;6;19.8;2.3;5.9;0.379;0.9;3.7;0.254;1.3;2.3;0.583;0.458;0.9;1.2;0.789;0.3;2.6;2.9;2.1;0.5;0.4;0.5;1.4;6.4
100;Justin Champagnie;AP;20;6.6;TOR;36;0;7.8;0.9;1.9;0.463;0.3;0.8;0.357;0.6;1.1;0.538;0.537;0.3;0.3;1;1;1;2;0.3;0.2;0.1;0.2;0.9;2.3
246;Justin Holiday;AP-G;32;6.6;TOT;74;65;27.8;3.5;8.9;0.394;2.4;6.5;0.367;1.1;2.4;0.467;0.528;0.7;0.8;0.806;0.4;2.2;2.6;1.7;0.8;0.4;0.9;2.1;10.1
272;Justin Jackson;AP;26;6.8;TOT;7;0;5.3;0.7;2.1;0.333;0.4;1.3;0.333;0.3;0.9;0.333;0.433;0.3;0.3;1;0.1;0.9;1;0.3;0;0;0.1;0.4;2.1
477;Justin Robinson;P;24;6.1;TOT;25;0;12.2;1.1;3.7;0.301;0.7;2.4;0.295;0.4;1.3;0.313;0.398;0.2;0.3;0.5;0.2;0.7;0.8;1.3;0.4;0;0.7;1.1;3.1
593;Justise Winslow;AP;25;6.6;TOT;48;11;16.1;2.3;5.4;0.428;0.3;1.4;0.227;2;4;0.497;0.457;0.8;1.4;0.591;1;3.2;4.2;1.8;0.7;0.5;1;1.4;5.7
415;Jusuf Nurki?;C;27;6.9;POR;56;56;28.2;5.7;10.7;0.535;0.3;1;0.268;5.5;9.7;0.563;0.548;3.3;4.8;0.69;3;8.1;11.1;2.8;1.1;0.6;2.6;3.4;15
391;Juwan Morgan;AG;24;6.7;TOT;2;0;15.5;1;1.5;0.667;0.5;1;0.5;0.5;0.5;1;0.833;0;0;0;1;1;2;0.5;0;0;0;1.5;2.5
296;Kai Jones;C;21;6.8;CHO;21;0;3;0.4;0.7;0.643;0;0.1;0.5;0.4;0.6;0.667;0.679;0.1;0.4;0.375;0.1;0.4;0.5;0.2;0;0.1;0.3;0.4;1
546;Karl-Anthony Towns;C;26;6.8;MIN;74;74;33.5;8.7;16.4;0.529;2;4.9;0.41;6.6;11.5;0.58;0.591;5.2;6.3;0.822;2.6;7.2;9.8;3.6;1;1.1;3.1;3.6;24.6
524;Keifer Sykes;P;28;6.9;IND;32;11;17.7;2.2;5.9;0.363;0.8;2.8;0.3;1.3;3.1;0.42;0.434;0.5;0.5;0.882;0.3;1.2;1.4;1.9;0.4;0.1;1;1.6;5.6
37;Keita Bates-Diop;AP;26;5.9;SAS;59;14;16.2;2.3;4.5;0.517;0.3;0.9;0.309;2;3.5;0.572;0.549;0.8;1;0.754;1.1;2.9;3.9;0.7;0.5;0.2;0.8;1;5.7
353;Kelan Martin;AP;26;6.8;TOT;30;1;15;2.3;5.7;0.409;0.7;2.5;0.293;1.6;3.2;0.5;0.474;0.3;0.4;0.692;0.6;1.3;1.8;0.7;0.4;0.3;0.5;1.2;5.7
286;Keldon Johnson;AP;22;6.5;SAS;75;74;31.9;6.3;13.5;0.466;2.1;5.3;0.398;4.2;8.2;0.51;0.545;2.4;3.1;0.756;1.1;5;6.1;2.1;0.8;0.2;1.2;2;17
53;Keljin Blevins;AP;26;6.6;POR;31;1;11.3;1.1;3.6;0.306;0.7;2.3;0.292;0.4;1.3;0.333;0.401;0.2;0.4;0.545;0.5;0.9;1.5;0.6;0.4;0;0.5;0.9;3.1
427;Kelly Olynyk;C;30;6.4;DET;40;1;19.1;3.2;7.2;0.448;1;3;0.336;2.2;4.2;0.527;0.517;1.7;2.2;0.775;1.4;3.1;4.4;2.8;0.8;0.5;1.5;2.5;9.1
432;Kelly Oubre Jr.;AP;26;6.9;CHO;76;13;26.3;5.4;12.3;0.44;2.5;7.3;0.345;2.9;5;0.578;0.542;1.7;2.5;0.667;1;2.9;4;1.1;1;0.4;0.9;2.5;15
562;Kemba Walker;P;31;6.6;NYK;37;37;25.6;4;10;0.403;2;5.4;0.367;2.1;4.6;0.444;0.501;1.6;1.9;0.845;0.4;2.6;3;3.5;0.7;0.2;1.3;1;11.6
586;Kenrich Williams;AP;27;6.0;OKC;49;0;21.9;3;6.5;0.461;0.8;2.5;0.339;2.1;4;0.536;0.525;0.6;1.1;0.545;1.5;3;4.5;2.2;0.9;0.2;0.9;1.7;7.4
39;Kent Bazemore;AP;32;6.6;LAL;39;14;14;1.2;3.6;0.324;0.7;2.1;0.363;0.4;1.5;0.271;0.428;0.3;0.4;0.765;0.3;1.4;1.8;0.9;0.6;0.2;0.5;1.8;3.4
89;Kentavious Caldwell-Pope;G;28;6.4;WAS;77;77;30.2;4.7;10.8;0.435;2.1;5.3;0.39;2.6;5.5;0.48;0.531;1.8;2;0.89;0.5;2.9;3.4;1.9;1.1;0.3;1.3;1.8;13.2
354;Kenyon Martin Jr.;AP;21;6.5;HOU;79;2;21;3.5;6.6;0.533;0.8;2.1;0.357;2.8;4.5;0.617;0.591;1;1.6;0.634;1;2.7;3.8;1.3;0.4;0.5;0.8;1.4;8.8
287;Keon Johnson;G;19;6.5;TOT;37;12;18.8;2.6;7.4;0.353;0.9;2.7;0.34;1.7;4.6;0.36;0.415;1.1;1.4;0.804;0.6;1.5;2.2;2.1;0.8;0.3;1.2;1.9;7.2
158;Kessler Edwards;AP;21;6.4;BRK;48;23;20.6;2.3;5.6;0.412;1;2.8;0.353;1.3;2.7;0.473;0.502;0.3;0.4;0.842;0.9;2.7;3.6;0.6;0.6;0.5;0.9;1.8;5.9
154;Kevin Durant;AG;33;6.7;BRK;55;55;37.2;10.5;20.3;0.518;2.1;5.5;0.383;8.4;14.8;0.568;0.57;6.8;7.4;0.91;0.5;6.9;7.4;6.4;0.9;0.9;3.5;2.1;29.9
255;Kevin Huerter;G;23;6.8;ATL;74;60;29.6;4.7;10.3;0.454;2.2;5.6;0.389;2.5;4.7;0.53;0.559;0.6;0.7;0.808;0.4;3;3.4;2.7;0.7;0.4;1.2;2.5;12.1
312;Kevin Knox;AP;22;6.7;TOT;30;0;7.4;1;2.8;0.365;0.5;1.8;0.278;0.5;1;0.516;0.453;0.5;0.7;0.727;0.5;1;1.5;0.3;0.1;0.1;0.2;0.6;3.1
339;Kevin Love;AG;33;6.7;CLE;74;4;22.5;4.4;10.3;0.43;2.5;6.4;0.392;1.9;3.8;0.493;0.553;2.2;2.7;0.838;1.2;6.1;7.2;2.2;0.4;0.2;1.3;1.4;13.6
435;Kevin Pangos;P;29;6.8;CLE;24;3;6.9;0.6;1.9;0.326;0.3;1.1;0.231;0.4;0.8;0.45;0.391;0.1;0.2;0.75;0.1;0.4;0.5;1.3;0.1;0;0.3;0.5;1.6
451;Kevin Porter Jr.;P;21;6.1;HOU;61;61;31.3;5.5;13.2;0.415;2.5;6.8;0.375;3;6.5;0.456;0.511;2;3.2;0.642;0.7;3.7;4.4;6.2;1.1;0.4;3.1;2.6;15.6
335;Kevon Looney;C;25;6.4;GSW;82;80;21.1;2.5;4.4;0.571;0;0;0;2.5;4.4;0.573;0.571;0.9;1.5;0.6;2.5;4.7;7.3;2;0.6;0.6;0.8;2.6;6
48;Khem Birch;C;29;6.9;TOR;55;28;18;1.8;3.6;0.485;0;0.3;0;1.8;3.4;0.522;0.485;1;1.3;0.746;2.2;2.1;4.3;1;0.5;0.5;0.5;1.9;4.5
377;Khris Middleton;AP;30;6.9;MIL;66;66;32.4;6.8;15.5;0.443;2.5;6.6;0.373;4.4;8.9;0.494;0.522;3.9;4.4;0.89;0.6;4.8;5.4;5.4;1.2;0.3;2.9;2.4;20.1
231;Killian Hayes;P;20;6.7;DET;66;40;25;2.7;7;0.383;0.7;2.5;0.263;2;4.4;0.452;0.431;0.9;1.1;0.77;0.5;2.6;3.2;4.2;1.2;0.5;1.7;2.8;6.9
541;Killian Tillie;C;23;6.5;MEM;36;3;12.8;1.2;3.5;0.339;0.8;2.4;0.314;0.4;1.1;0.39;0.445;0.1;0.2;0.625;0.6;1.1;1.7;0.6;0.6;0.4;0.4;1.6;3.3
330;Kira Lewis Jr.;P;20;6.9;NOP;24;0;14.2;2.5;6.1;0.404;0.5;2.4;0.224;1.9;3.7;0.523;0.449;0.4;0.5;0.833;0.4;1.3;1.6;2;0.5;0;1.1;0.7;5.9
537;Klay Thompson;G;31;6.1;GSW;32;32;29.4;7.7;17.9;0.429;3.6;9.3;0.385;4.1;8.7;0.477;0.529;1.4;1.6;0.902;0.5;3.4;3.9;2.8;0.5;0.5;1.3;1.7;20.4
153;Kris Dunn;P;27;6.6;POR;14;3;24;3.1;7.3;0.431;0.1;0.8;0.091;3.1;6.5;0.473;0.436;1.2;1.3;0.944;0.6;2.9;3.5;5.6;1.6;0.2;2.3;2.7;7.6
455;Kristaps Porzi??is;AG;26;6.3;TOT;51;51;29;6.9;15;0.459;1.5;4.9;0.31;5.4;10.1;0.532;0.51;4.9;5.6;0.867;2;6.1;8.1;2.3;0.7;1.6;1.6;2.7;20.2
11;Kyle Anderson;AG;28;7.3;MEM;69;11;21.5;3;6.8;0.446;0.5;1.6;0.33;2.5;5.2;0.481;0.484;1;1.5;0.638;1;4.3;5.3;2.7;1.1;0.7;1;1.6;7.6
212;Kyle Guy;G;24;6.9;MIA;19;0;9.8;1.4;3.4;0.4;0.7;2.1;0.35;0.6;1.3;0.48;0.508;0.4;0.6;0.667;0.2;0.7;0.9;0.9;0.4;0.1;0.7;0.6;3.9
319;Kyle Kuzma;AG;26;6.1;WAS;66;66;33.4;6.4;14.2;0.452;1.9;5.7;0.341;4.5;8.5;0.526;0.52;2.4;3.3;0.712;1.1;7.4;8.5;3.5;0.6;0.9;2.6;1.9;17.1
340;Kyle Lowry;P;35;6.9;MIA;63;63;33.9;4.4;10;0.44;2.3;6.1;0.377;2.1;3.9;0.539;0.555;2.3;2.8;0.851;0.5;4;4.5;7.5;1.1;0.3;2.7;2.8;13.4
266;Kyrie Irving;P;29;6.0;BRK;29;29;37.6;10;21.2;0.469;3.4;8.2;0.418;6.5;13;0.501;0.55;4.1;4.4;0.915;0.6;3.8;4.4;5.8;1.4;0.6;2.5;2.8;27.4
424;KZ Okpala;AG;22;6.2;MIA;21;0;11.6;1.4;3.3;0.435;0.4;1.2;0.346;1;2;0.488;0.5;0.4;0.5;0.727;0.5;1.4;2;0.7;0.2;0.3;0.2;1.2;3.7
519;Lamar Stevens;AG;24;6.9;CLE;63;13;16.1;2.5;5.1;0.489;0.3;1;0.277;2.2;4;0.543;0.517;0.8;1.2;0.707;0.7;1.9;2.6;0.7;0.5;0.3;0.7;1.7;6.1
5;LaMarcus Aldridge;C;36;6.7;BRK;47;12;22.3;5.4;9.7;0.55;0.3;1;0.304;5.1;8.8;0.578;0.566;1.9;2.2;0.873;1.6;3.9;5.5;0.9;0.3;1;0.9;1.7;12.9
25;LaMelo Ball;P;20;6.6;CHO;75;75;32.3;7.2;16.7;0.429;2.9;7.5;0.389;4.2;9.2;0.462;0.517;2.8;3.2;0.872;1.4;5.2;6.7;7.6;1.6;0.4;3.3;3.2;20.1
518;Lance Stephenson;G-AP;31;6.5;TOT;46;1;17.7;3.2;7;0.455;0.6;2;0.3;2.6;5.1;0.515;0.497;1.4;1.7;0.788;0.3;2.5;2.8;3.6;0.5;0.1;1.6;2.1;8.3
499;Landry Shamet;G;24;6.4;PHO;69;14;20.8;2.8;7;0.394;1.8;4.8;0.368;1;2.2;0.45;0.521;1;1.2;0.84;0.2;1.6;1.8;1.6;0.4;0.1;0.6;1.3;8.3
183;Langston Galloway;G;30;6.1;TOT;7;0;15.3;0.9;3.7;0.231;0.3;2.3;0.125;0.6;1.4;0.4;0.269;0;0;0;0.4;2.1;2.6;1.7;0.1;0;0.9;1;2
404;Larry Nance Jr.;AG;29;6.7;TOT;46;11;22.6;2.8;5.4;0.522;0.5;1.5;0.329;2.3;3.8;0.599;0.569;0.9;1.2;0.702;1.6;3.8;5.4;1.8;0.9;0.4;0.8;1.8;7
349;Lauri Markkanen;AG;24;6.9;CLE;61;61;30.8;5.1;11.5;0.445;2.2;6.2;0.358;2.9;5.3;0.548;0.542;2.3;2.6;0.868;1;4.7;5.7;1.3;0.7;0.5;0.9;2.1;14.8
57;Leandro Bolmaro;AP;21;6.9;MIN;35;2;6.9;0.5;1.5;0.315;0.1;0.5;0.278;0.3;1;0.333;0.361;0.3;0.4;0.846;0.5;0.8;1.2;0.6;0.2;0;0.4;0.7;1.4
274;LeBron James;AP;37;6.6;LAL;56;56;37.2;11.4;21.8;0.524;2.9;8;0.359;8.6;13.8;0.62;0.59;4.5;6;0.756;1.1;7.1;8.2;6.2;1.3;1.1;3.5;2.2;30.3
583;Lindell Wigginton;P;23;6.1;MIL;19;0;10.5;1.4;3.2;0.426;0.5;1.4;0.346;0.9;1.8;0.486;0.5;1;1.8;0.543;0.2;1.2;1.3;1.2;0.3;0.1;0.6;0.9;4.2
571;Lindy Waters III;G;24;6.6;OKC;25;1;18.6;2.8;7;0.406;2.1;5.8;0.363;0.7;1.2;0.621;0.557;0.2;0.2;0.8;0.2;2.7;2.9;1;0.8;0.3;0.4;1.2;8
563;Lonnie Walker IV;G;23;6.4;SAS;70;6;23;4.4;10.9;0.407;1.6;5;0.314;2.9;5.9;0.487;0.48;1.7;2.1;0.784;0.3;2.3;2.6;2.2;0.6;0.3;1;1.4;12.1
26;Lonzo Ball;P;24;6.6;CHI;35;35;34.6;4.6;10.9;0.423;3.1;7.4;0.423;1.5;3.5;0.423;0.567;0.6;0.8;0.75;1;4.4;5.4;5.1;1.8;0.9;2.3;2.4;13
587;Lou Williams;P;35;6.2;ATL;56;0;14.3;2.2;5.7;0.391;0.7;1.8;0.363;1.6;3.9;0.404;0.448;1.2;1.4;0.859;0.3;1.3;1.6;1.9;0.5;0.1;0.8;0.9;6.3
307;Louis King;AP;22;6.7;SAC;10;0;10.4;1.5;4.7;0.319;0.8;2.7;0.296;0.7;2;0.35;0.404;0.7;1;0.7;0;1.2;1.2;0.9;0.2;0.1;0;1.4;4.5
142;Luguentz Dort;AP;22;6.3;OKC;51;51;32.6;5.7;14.2;0.404;2.5;7.7;0.332;3.2;6.6;0.487;0.493;3.2;3.7;0.843;0.7;3.4;4.2;1.7;0.9;0.4;1.7;2.9;17.2
141;Luka Doncic;P;22;6.7;DAL;65;65;35.4;9.9;21.6;0.457;3.1;8.8;0.353;6.8;12.8;0.528;0.529;5.6;7.5;0.744;0.9;8.3;9.1;8.7;1.2;0.6;4.5;2.2;28.4
187;Luka Garza;C;23;6.8;DET;32;5;12.2;2.1;4.6;0.449;0.5;1.5;0.327;1.6;3.1;0.51;0.503;1.2;1.9;0.623;1.8;1.3;3.1;0.6;0.3;0.2;0.6;1.7;5.8
304;Luke Kennard;G;25;6.5;LAC;70;13;27.4;4.1;9.1;0.449;2.7;6;0.449;1.4;3.1;0.449;0.598;1;1.1;0.896;0.3;3;3.3;2.1;0.6;0.1;0.9;1.4;11.9
315;Luke Kornet;C;26;7.2;TOT;15;0;6.9;0.9;1.8;0.481;0;0.3;0;0.9;1.5;0.591;0.481;0.3;0.4;0.667;0.9;1.1;1.9;0.6;0.2;0.2;0;0.6;2
564;M.J. Walker;G;23;6.5;PHO;2;0;4;0;2;0;0;1;0;0;1;0;0;0;0;0;0;0.5;0.5;0.5;1;0;0;0.5;0
361;Mac McClung;G-P;23;6.2;TOT;2;0;12.5;1.5;3;0.5;0.5;1.5;0.333;1;1.5;0.667;0.583;0.5;0.5;1;0;1.5;1.5;0.5;0.5;0.5;1.5;2.5;4
170;Malachi Flynn;P;23;6.1;TOR;44;5;12.2;1.6;4.2;0.393;0.7;2;0.333;1;2.1;0.452;0.475;0.3;0.5;0.625;0.2;1.2;1.4;1.6;0.5;0.1;0.3;1;4.3
69;Malcolm Brogdon;P;29;6.5;IND;36;36;33.5;6.8;15.1;0.448;1.6;5.2;0.312;5.1;9.9;0.518;0.501;4;4.6;0.856;0.9;4.2;5.1;5.9;0.8;0.4;2.1;2;19.1
240;Malcolm Hill;AP-G;26;6.6;TOT;19;0;11.2;1.3;2.7;0.462;0.7;1.9;0.361;0.6;0.8;0.688;0.587;0.6;0.7;0.786;0.6;1.3;1.8;0.4;0.4;0.2;0.2;1.3;3.8
42;Malik Beasley;G;25;6.4;MIN;79;18;25;4.2;10.8;0.391;3;8.1;0.377;1.2;2.7;0.432;0.532;0.6;0.8;0.817;0.3;2.5;2.9;1.5;0.5;0.2;0.5;1.1;12.1
169;Malik Fitts;AG;24;6.5;TOT;15;0;4.2;0.5;1.3;0.421;0.3;0.7;0.5;0.2;0.6;0.333;0.553;0;0;0;0.1;1;1.1;0.3;0;0;0.1;0.3;1.4
385;Malik Monk;G;23;6.3;LAL;76;37;28.1;5.1;10.9;0.473;2.3;5.8;0.391;2.9;5.1;0.568;0.578;1.2;1.5;0.795;0.5;2.9;3.4;2.9;0.8;0.4;1.6;1.8;13.8
408;Malik Newman;P;24;6.3;CLE;1;0;8;3;5;0.6;0;1;0;3;4;0.75;0.6;2;2;1;0;1;1;1;0;0;1;0;8
135;Mamadi Diakite;AG;25;6.9;OKC;13;3;14.5;1.9;3.6;0.532;0;0.4;0;1.9;3.2;0.595;0.532;0.5;0.8;0.545;1.3;3.2;4.5;0.2;0.4;0.7;0.5;2.5;4.3
185;Marcus Garrett;G;23;6.5;MIA;12;0;10.7;0.4;1.8;0.238;0.1;0.3;0.25;0.3;1.4;0.235;0.262;0.2;0.4;0.4;0.8;1.2;1.9;0.6;0.4;0.3;0.2;1.3;1.1
393;Marcus Morris;AG;32;6.8;LAC;54;54;29;5.6;12.8;0.434;1.9;5.1;0.367;3.7;7.7;0.478;0.507;2.4;2.7;0.872;0.5;3.9;4.4;2.1;0.5;0.3;1.3;2.1;15.4
509;Marcus Smart;P;27;6.4;BOS;71;71;32.3;4.2;10.1;0.418;1.7;5.1;0.331;2.5;5;0.506;0.501;2;2.5;0.793;0.6;3.2;3.8;5.9;1.7;0.3;2.2;2.3;12.1
179;Markelle Fultz;P;23;6.4;ORL;18;3;20;4.6;9.7;0.474;0.2;0.9;0.235;4.4;8.8;0.5;0.486;1.4;1.7;0.806;0.2;2.5;2.7;5.5;1.1;0.3;2.2;1.2;10.8
394;Markieff Morris;AG;32;6.9;MIA;17;1;17.5;3.2;6.7;0.474;0.8;2.3;0.333;2.4;4.4;0.547;0.531;0.5;0.5;0.889;1;1.6;2.6;1.4;0.4;0.1;1.2;1.9;7.6
503;Marko Simonovic;C;22;6.9;CHI;9;0;3.9;0.4;1.7;0.267;0.1;0.6;0.2;0.3;1.1;0.3;0.3;0.9;1.2;0.727;0.6;0.6;1.1;0;0.1;0.1;0.2;0.7;1.9
254;Markus Howard;G;22;5.10;DEN;31;0;5.7;1.3;3.3;0.386;0.9;2.3;0.4;0.4;1;0.355;0.525;0.6;0.7;0.87;0.1;0.3;0.4;0.2;0.3;0;0.2;0.5;4.1
103;Marquese Chriss;AG;24;6.9;DAL;34;0;10.2;1.8;3.9;0.463;0.2;0.7;0.32;1.6;3.2;0.495;0.493;0.6;1;0.667;1;2.1;3;0.5;0.4;0.4;0.5;1.9;4.5
24;Marvin Bagley III;AG;22;6.9;TOT;48;25;23.9;4.7;9.3;0.504;0.5;2;0.237;4.2;7.3;0.579;0.53;1.4;2.1;0.663;2.2;4.9;7;0.8;0.5;0.4;0.8;1.9;11.3
297;Mason Jones;G;23;6.4;LAL;4;0;12.8;1.8;3.8;0.467;0.3;1;0.25;1.5;2.8;0.545;0.5;3;3.8;0.8;0.3;2.3;2.5;1;0.5;0;0.3;2;6.8
446;Mason Plumlee;C;31;6.9;CHO;73;73;24.6;2.8;4.4;0.641;0;0;0;2.8;4.4;0.645;0.641;0.9;2.3;0.392;2.4;5.3;7.7;3.1;0.8;0.7;1.4;3.1;6.5
540;Matisse Thybulle;G;24;6.5;PHI;66;50;25.5;2.3;4.5;0.5;0.7;2.2;0.313;1.6;2.4;0.673;0.575;0.5;0.7;0.791;0.6;1.7;2.3;1.1;1.7;1.1;0.6;2.4;5.7
389;Matt Mooney;G;24;6.2;NYK;1;0;2;0;1;0;0;1;0;0;0;0;0;0;0;0;0;0;0;0;1;0;1;0;0
487;Matt Ryan;AP;24;6.7;BOS;1;0;5;1;5;0.2;1;5;0.2;0;0;0;0.3;0;0;0;0;0;0;0;1;0;0;0;3
536;Matt Thomas;G;27;6.3;CHI;40;0;11.5;1.4;3.4;0.41;0.9;2.3;0.385;0.5;1.1;0.465;0.541;0.4;0.5;0.8;0.1;1.2;1.3;0.5;0.2;0.1;0.2;0.5;4
219;Maurice Harkless;AP;28;6.7;SAC;47;24;18.4;1.8;3.9;0.459;0.7;2.1;0.307;1.1;1.7;0.65;0.544;0.4;0.6;0.714;0.3;2.1;2.4;0.5;0.6;0.5;0.7;1.6;4.6
521;Max Strus;AP;25;6.5;MIA;68;16;23.3;3.7;8.3;0.441;2.7;6.5;0.41;1;1.8;0.557;0.602;0.6;0.8;0.792;0.4;2.6;3;1.4;0.4;0.2;0.8;1.7;10.6
309;Maxi Kleber;AG;30;6.8;DAL;59;21;24.6;2.4;6;0.398;1.4;4.3;0.325;1;1.7;0.586;0.516;0.8;1.1;0.708;1.2;4.7;5.9;1.2;0.5;1;0.8;2.3;7
598;McKinley Wright IV;P;23;5.9;MIN;5;0;3.8;0.4;0.6;0.667;0.2;0.4;0.5;0.2;0.2;1;0.833;0;0;0;0;0;0;0.6;0;0;0.2;0.2;1
176;Melvin Frazier;G;25;6.5;OKC;3;0;40;4.3;16;0.271;0.3;7;0.048;4;9;0.444;0.281;1.7;2.3;0.714;1.7;2.7;4.3;0.3;0.3;0;1;2.7;10.7
456;Micah Potter;C;23;6.8;DET;3;0;10.3;1.7;3.7;0.455;0;0.7;0;1.7;3;0.556;0.455;0.7;0.7;1;1.3;1.7;3;0;0.3;0.3;0.3;1.3;4
452;Michael Porter Jr.;AP;23;6.8;DEN;9;9;29.4;4.1;11.4;0.359;1.1;5.3;0.208;3;6.1;0.491;0.408;0.6;1;0.556;1;5.6;6.6;1.9;1.1;0.2;1.3;1.8;9.9
66;Mikal Bridges;AP;25;6.6;PHO;82;82;34.8;5.6;10.5;0.534;1.4;3.8;0.369;4.2;6.7;0.628;0.601;1.6;1.9;0.834;0.9;3.3;4.2;2.3;1.2;0.4;0.8;1.8;14.2
113;Mike Conley;P;34;6.1;UTA;72;72;28.6;4.8;11;0.435;2.3;5.8;0.408;2.4;5.2;0.464;0.542;1.8;2.3;0.796;0.7;2.4;3;5.3;1.3;0.3;1.7;2;13.7
401;Mike Muscala;C;30;6.8;OKC;43;0;13.8;2.6;5.8;0.456;1.6;3.8;0.429;1;2;0.506;0.597;1.1;1.3;0.842;0.5;2.5;3;0.5;0.4;0.6;0.3;1.3;8
67;Miles Bridges;AG;23;6.7;CHO;80;80;35.5;7.5;15.2;0.491;1.9;5.8;0.331;5.5;9.4;0.59;0.554;3.3;4.2;0.802;1.1;5.9;7;3.8;0.9;0.8;1.9;2.4;20.2
360;Miles McBride;P;21;6.1;NYK;40;2;9.3;0.8;2.7;0.296;0.4;1.7;0.25;0.4;1;0.375;0.375;0.2;0.3;0.667;0.1;1;1.1;1;0.4;0;0.1;1.1;2.2
478;Mitchell Robinson;C;23;7.0;NYK;72;62;25.7;3.6;4.8;0.761;0;0;0;3.6;4.8;0.761;0.761;1.2;2.5;0.486;4.1;4.5;8.6;0.5;0.8;1.8;0.8;2.7;8.5
429;Miye Oni;G;24;6.5;UTA;16;0;2.8;0.1;0.6;0.222;0.1;0.5;0.125;0.1;0.1;1;0.278;0;0.1;0;0.1;0.4;0.4;0.3;0;0;0.1;0.4;0.3
27;Mo Bamba;C;23;7.0;ORL;71;69;25.7;4.2;8.7;0.48;1.5;4;0.381;2.7;4.7;0.563;0.566;0.8;1;0.781;2.1;6;8.1;1.2;0.5;1.7;1.1;2.6;10.6
395;Monte Morris;P;26;6.2;DEN;75;74;29.9;5;10.3;0.484;1.7;4.2;0.395;3.3;6.1;0.545;0.564;1;1.1;0.869;0.4;2.7;3;4.4;0.7;0.2;1;1.2;12.6
221;Montrezl Harrell;C;28;6.7;TOT;71;3;23.1;5;7.8;0.645;0.1;0.2;0.235;5;7.6;0.658;0.649;3;4.2;0.716;2.1;4;6.1;2;0.4;0.6;1;1.9;13.1
560;Moritz Wagner;C;24;6.9;ORL;63;3;15.2;3.1;6.3;0.497;1;3.2;0.328;2.1;3.1;0.672;0.581;1.7;2;0.806;0.7;3;3.7;1.4;0.3;0.2;0.9;2;9
77;Moses Brown;C;22;7.2;TOT;40;6;8.6;1.6;2.7;0.593;0;0;0;1.6;2.7;0.593;0.593;1.1;1.8;0.597;1;2.4;3.4;0;0.2;0.4;0.5;1.3;4.3
387;Moses Moody;G;19;6.5;GSW;52;11;11.7;1.5;3.5;0.437;0.8;2.1;0.364;0.8;1.4;0.548;0.546;0.5;0.7;0.778;0.3;1.2;1.5;0.4;0.1;0.2;0.3;0.8;4.4
599;Moses Wright;AG;23;6.8;TOT;4;0;3.5;0.3;1;0.25;0;0.3;0;0.3;0.8;0.333;0.25;0.8;0.8;1;0.3;0.5;0.8;0.5;0;0.3;0;0;1.3
397;Mychal Mulder;P;27;6.3;TOT;17;3;14.1;1.4;4.5;0.312;1;3.2;0.315;0.4;1.4;0.304;0.422;0.2;0.2;1;0.1;1.3;1.4;0.3;0.2;0.1;0.5;0.8;4.1
458;Myles Powell;P;24;6.2;PHI;11;0;4.7;0.5;1.5;0.294;0.1;0.5;0.167;0.4;1;0.364;0.324;0.2;0.2;1;0.1;0.5;0.5;0.3;0.1;0;0.3;0.7;1.2
550;Myles Turner;C;25;6.9;IND;42;42;29.4;4.8;9.4;0.509;1.5;4.4;0.333;3.3;5;0.662;0.587;1.9;2.5;0.752;1.5;5.5;7.1;1;0.7;2.8;1.3;2.8;12.9
350;Naji Marshall;AP;24;6.7;NOP;55;4;13.4;2;4.9;0.405;0.4;1.9;0.2;1.6;3;0.537;0.444;1.3;1.7;0.796;0.7;1.9;2.6;1.1;0.6;0.1;0.8;1.3;5.7
333;Nassir Little;AP;21;6.5;POR;42;23;25.9;3.5;7.5;0.46;1.2;3.7;0.331;2.2;3.8;0.584;0.541;1.6;2.2;0.734;1.4;4.2;5.6;1.3;0.6;0.9;1;2;9.8
242;Nate Hinton;G;22;6.5;IND;2;0;1;0;0.5;0;0;0;0;0;0.5;0;0;0;0;0;0;0;0;0;0;0;0.5;0;0
311;Nathan Knight;AG;24;6.8;MIN;37;2;7.2;1.2;2.4;0.511;0.1;0.4;0.308;1.1;2;0.547;0.534;1.2;1.6;0.733;0.9;1.4;2.3;0.6;0.2;0.2;0.5;1.1;3.7
472;Naz Reid;C;22;6.9;MIN;77;6;15.8;3;6.2;0.489;0.7;2.2;0.343;2.3;4;0.568;0.549;1.5;1.9;0.765;1.3;2.6;3.9;0.9;0.5;0.9;1.1;2.2;8.3
464;Neemias Queta;C;22;7.0;SAC;14;0;8.6;1.2;2.7;0.447;0;0;0;1.2;2.7;0.447;0.447;0.8;1.2;0.647;1;1.2;2.2;0.4;0.1;0.6;0.4;1.3;3.2
51;Nemanja Bjelica;C;33;6.9;GSW;71;0;16.1;2.3;4.8;0.468;0.8;2.1;0.362;1.5;2.7;0.549;0.547;0.8;1.1;0.728;0.9;3.3;4.1;2.2;0.6;0.4;1.2;1.8;6.1
412;Nerlens Noel;C;27;6.9;NYK;25;11;22.5;1.3;2.4;0.533;0;0.1;0;1.3;2.3;0.561;0.533;0.8;1.2;0.7;1.9;3.7;5.6;0.9;1.2;1.2;0.8;2.7;3.4
108;Nic Claxton;C;22;6.9;BRK;47;19;20.7;3.8;5.6;0.674;0;0;0;3.8;5.6;0.674;0.674;1.1;2;0.581;1.9;3.7;5.6;0.9;0.5;1.1;0.8;2.3;8.7
473;Nick Richards;C;24;7.0;CHO;50;5;7.3;1.2;1.8;0.667;0;0;0;1.2;1.8;0.667;0.667;0.6;0.9;0.698;0.7;1;1.7;0.3;0.2;0.4;0.5;1;3
6;Nickeil Alexander-Walker;G;23;6.5;TOT;65;21;22.6;3.9;10.5;0.372;1.6;5.2;0.311;2.3;5.3;0.433;0.449;1.2;1.7;0.743;0.6;2.3;2.9;2.4;0.7;0.4;1.4;1.6;10.6
38;Nicolas Batum;AG;33;6.8;LAC;59;54;24.8;3;6.6;0.463;1.8;4.6;0.4;1.2;2;0.607;0.602;0.4;0.6;0.658;0.5;3.8;4.3;1.7;1;0.7;0.7;1.4;8.3
517;Nik Stauskas;G;28;6.6;TOT;8;0;4.9;0.6;1.8;0.357;0.5;1.3;0.4;0.1;0.5;0.25;0.5;0.5;0.8;0.667;0.1;0.3;0.4;0.3;0;0;0.1;0.1;2.3
290;Nikola Jokic;C;26;6.9;DEN;74;74;33.5;10.3;17.7;0.583;1.3;3.9;0.337;9;13.8;0.652;0.62;5.1;6.3;0.81;2.8;11;13.8;7.9;1.5;0.9;3.8;2.6;27.1
557;Nikola Vucevic;C;31;6.8;CHI;73;73;33.1;7.5;15.8;0.473;1.4;4.5;0.314;6.1;11.3;0.537;0.518;1.3;1.7;0.76;1.9;9.1;11;3.2;1;1;1.9;2.5;17.6
459;Norman Powell;AP-G;28;6.3;TOT;45;41;32.4;6.2;13.4;0.461;2.4;5.6;0.419;3.8;7.8;0.491;0.549;4.2;5.2;0.811;0.4;2.8;3.2;2.1;0.9;0.5;1.5;2.4;19
442;Norvel Pelle;C;28;6.8;UTA;3;0;6.3;1;1.7;0.6;0;0;0;1;1.7;0.6;0.6;0;0;0;1;1;2;0;0;0.3;0.7;0.3;2
544;Obi Toppin;AG;23;6.7;NYK;72;10;17.1;3.5;6.6;0.531;0.7;2.3;0.308;2.8;4.2;0.655;0.586;1.3;1.7;0.758;1;2.8;3.7;1.1;0.3;0.5;0.8;1.4;9
16;OG Anunoby;AP;24;6.9;TOR;48;48;36;6.4;14.5;0.443;2.4;6.6;0.363;4;7.9;0.511;0.526;1.9;2.5;0.754;1.5;4;5.5;2.6;1.5;0.5;1.7;2.7;17.1
489;Olivier Sarr;C;22;7.0;OKC;22;2;19.1;2.6;4.6;0.574;0.6;1.3;0.448;2;3.3;0.625;0.639;1.1;1.3;0.828;1.5;2.7;4.2;0.9;0.3;0.7;1;2.4;7
603;Omer Yurtseven;C;23;6.9;MIA;56;12;12.6;2.3;4.4;0.526;0;0.2;0.091;2.3;4.2;0.547;0.528;0.7;1.1;0.623;1.5;3.7;5.3;0.9;0.3;0.4;0.7;1.5;5.3
422;Onyeka Okongwu;C;21;6.8;ATL;48;6;20.7;3.3;4.7;0.69;0;0;0;3.3;4.7;0.69;0.69;1.7;2.3;0.727;2.4;3.5;5.9;1.1;0.6;1.3;0.9;3.1;8.2
68;Oshae Brissett;AP;23;6.7;IND;67;25;23.3;3.1;7.6;0.411;1.2;3.5;0.35;1.9;4;0.465;0.493;1.7;2.4;0.695;1.6;3.7;5.3;1.1;0.7;0.4;0.8;1.7;9.1
453;Otto Porter Jr.;AG;28;6.8;GSW;63;15;22.2;3.1;6.6;0.464;1.3;3.4;0.37;1.8;3.2;0.565;0.56;0.8;1;0.803;1.4;4.4;5.7;1.5;1.1;0.5;0.6;1.3;8.2
548;P.J. Tucker;AG;36;6.5;MIA;71;70;27.9;2.9;6;0.484;1.1;2.7;0.415;1.8;3.3;0.54;0.577;0.6;0.9;0.738;1.4;4;5.5;2.1;0.8;0.2;0.9;2.3;7.6
569;P.J. Washington;AG;23;6.7;CHO;65;28;27.2;3.8;8.2;0.47;1.7;4.6;0.365;2.2;3.6;0.606;0.573;0.9;1.2;0.716;1.3;3.9;5.2;2.3;0.9;0.9;1.3;2.3;10.3
35;Paris Bass;AP;26;6.6;PHO;2;0;3.5;1;3;0.333;0;1;0;1;2;0.5;0.333;1;1;1;1;1;2;0;0.5;0;1;1;3
501;Pascal Siakam;AG;27;6.8;TOR;68;68;37.9;8.8;17.8;0.494;1.1;3.2;0.344;7.7;14.5;0.527;0.525;4.2;5.6;0.749;1.9;6.6;8.5;5.3;1.3;0.6;2.7;3.3;22.8
114;Pat Connaughton;G;29;6.8;MIL;65;19;26;3.5;7.6;0.458;2.2;5.7;0.395;1.2;1.9;0.643;0.605;0.7;0.8;0.833;0.7;3.5;4.2;1.3;0.9;0.2;0.5;1.3;9.9
46;Patrick Beverley;P;33;6.5;MIN;58;54;25.4;3.1;7.5;0.406;1.4;4.2;0.343;1.6;3.3;0.485;0.501;1.7;2.3;0.722;1.1;3.1;4.1;4.6;1.2;0.9;1.3;3;9.2
588;Patrick Williams;AG;20;6.1;CHI;17;9;24.8;3.2;6;0.529;0.9;1.7;0.517;2.3;4.3;0.534;0.603;1.8;2.4;0.732;1;3.1;4.1;0.9;0.5;0.5;0.9;1.6;9
379;Patty Mills;P;33;6.7;BRK;81;48;29;4;9.8;0.408;2.8;7;0.4;1.2;2.8;0.429;0.551;0.6;0.7;0.814;0.2;1.7;1.9;2.3;0.6;0.2;0.9;1.4;11.4
189;Paul George;AP;31;6.0;LAC;31;31;34.7;8.6;20.5;0.421;2.9;8.3;0.354;5.7;12.2;0.467;0.493;4.1;4.8;0.858;0.4;6.5;6.9;5.7;2.2;0.4;4.1;2.4;24.3
380;Paul Millsap;AG;36;6.8;TOT;33;1;11.4;1.4;3.5;0.391;0.2;1.1;0.229;1.1;2.4;0.463;0.426;0.5;0.7;0.708;1.2;2.2;3.5;0.9;0.3;0.4;0.6;2;3.5
471;Paul Reed;C;22;6.7;PHI;38;2;7.9;1.4;2.5;0.563;0.1;0.2;0.25;1.4;2.3;0.591;0.573;0.2;0.4;0.429;1.2;1.3;2.4;0.4;0.9;0.4;0.3;1.5;3.1
574;Paul Watson;AP;27;6.9;OKC;9;3;17.3;1.3;3.9;0.343;0.7;2.9;0.231;0.7;1;0.667;0.429;0.1;0.2;0.5;0.3;2.7;3;0.9;0.3;0.3;0.4;1.1;3.4
462;Payton Pritchard;G;24;6.6;BOS;71;2;14.1;2.3;5.3;0.429;1.4;3.5;0.412;0.8;1.8;0.461;0.564;0.3;0.3;1;0.5;1.4;1.9;2;0.4;0.1;0.6;0.9;6.2
117;Petr Cornelie;AG;26;6.1;DEN;13;0;2.9;0.4;1.2;0.333;0.1;0.6;0.125;0.3;0.5;0.571;0.367;0.2;0.3;0.75;0.5;0.5;1.1;0.2;0.1;0.1;0.3;0.5;1.1
148;PJ Dozier;G;25;6.9;DEN;18;0;18.9;2;5.5;0.364;0.8;2.7;0.313;1.2;2.8;0.412;0.439;0.6;0.7;0.769;0.8;2.7;3.5;1.6;0.6;0.3;0.7;1.8;5.4
1;Precious Achiuwa;C;22;6.8;TOR;73;28;23.6;3.6;8.3;0.439;0.8;2.1;0.359;2.9;6.1;0.468;0.486;1.1;1.8;0.595;2;4.5;6.5;1.1;0.5;0.6;1.2;2.1;9.1
211;Quentin Grimes;G;21;6.4;NYK;46;6;17.1;2.1;5.1;0.404;1.6;4.1;0.381;0.5;1;0.5;0.557;0.3;0.4;0.684;0.5;1.5;2;1;0.7;0.2;0.6;1.6;6
575;Quinndary Weatherspoon;G;25;6.3;GSW;11;0;6.6;1.1;1.9;0.571;0.1;0.5;0.2;1;1.5;0.688;0.595;0.5;0.5;1;0.2;1.1;1.3;0.5;0.1;0.1;0.3;1.4;2.7
216;R.J. Hampton;G;20;6.4;ORL;64;14;21.9;2.7;7.1;0.383;1;2.9;0.35;1.7;4.3;0.405;0.453;1.2;1.8;0.641;0.4;2.7;3;2.5;0.7;0.2;1.4;1.6;7.6
481;Rajon Rondo;P;35;6.6;TOT;39;1;17.9;1.7;4.5;0.386;0.8;2.3;0.352;0.9;2.3;0.42;0.474;0.5;0.7;0.731;0.4;2.4;2.8;4.4;0.8;0.2;1.7;1.4;4.8
407;Raul Neto;P;29;6.4;WAS;70;19;19.6;2.9;6.3;0.463;0.5;1.7;0.292;2.4;4.6;0.526;0.502;1.2;1.5;0.769;0.2;1.7;1.9;3.1;0.8;0;1.1;1.5;7.5
549;Rayjon Tucker;G;24;6.1;TOT;5;0;14.2;1.2;1.8;0.667;0.8;1;0.8;0.4;0.8;0.5;0.889;1;1.4;0.714;0.6;1;1.6;2;0.8;0;0.2;1;4.2
83;Reggie Bullock;AP;30;6.2;DAL;68;37;28;3;7.4;0.401;2.1;5.8;0.36;0.9;1.6;0.55;0.542;0.6;0.7;0.833;0.5;3.1;3.5;1.2;0.6;0.2;0.6;1.6;8.6
273;Reggie Jackson;G;31;6.3;LAC;75;75;31.2;6.4;16.3;0.392;2.2;6.8;0.326;4.2;9.5;0.439;0.46;1.8;2.2;0.847;0.5;3.1;3.6;4.8;0.7;0.2;2.3;2.1;16.8
443;Reggie Perry;AG;21;6.6;TOT;10;1;18.7;4;7.9;0.506;0.3;1.6;0.188;3.7;6.3;0.587;0.525;0.9;1.5;0.6;1.5;3.2;4.7;1.2;0.9;0.6;1.1;3.3;9.2
247;Richaun Holmes;C;28;6.2;SAC;45;37;23.9;4.4;6.7;0.66;0;0.1;0.4;4.4;6.6;0.664;0.663;1.6;2;0.778;2.1;5;7;1.1;0.4;0.9;1.2;2.8;10.4
485;Ricky Rubio;P;31;6.8;CLE;34;8;28.5;4.4;12.1;0.363;1.7;5.1;0.339;2.6;7;0.38;0.434;2.6;3;0.854;0.4;3.7;4.1;6.6;1.4;0.2;2.6;2.2;13.1
33;RJ Barrett;AP;21;6.8;NYK;70;70;34.5;7;17.1;0.408;2;5.8;0.342;5;11.3;0.442;0.466;4.1;5.8;0.714;0.9;4.9;5.8;3;0.6;0.2;2.2;2;20
405;RJ Nembhard Jr.;G;22;6.2;CLE;14;0;4.5;0.4;1.3;0.333;0;0.1;0;0.4;1.1;0.375;0.333;0.2;0.3;0.75;0.2;0.3;0.5;0.9;0.1;0;0.2;0.1;1.1
159;Rob Edwards;G;25;6.5;OKC;2;0;5.5;0.5;2;0.25;0.5;2;0.25;0;0;0;0.375;0;0;0;0;1.5;1.5;0;0;0;0.5;0;1.5
119;Robert Covington;AG-AP;31;6.7;TOT;71;42;27.3;2.9;7;0.42;1.8;4.8;0.378;1.1;2.2;0.509;0.548;0.8;1;0.841;0.8;4.7;5.5;1.3;1.5;1.3;1.1;2.7;8.5
589;Robert Williams;C;24;6.9;BOS;61;61;29.6;4.4;6;0.736;0;0;0;4.4;6;0.738;0.736;1.1;1.5;0.722;3.9;5.7;9.6;2;0.9;2.2;1;2.2;10
596;Robert Woodard II;AP;22;6.6;SAC;12;0;3.5;0.2;1.3;0.125;0.1;0.3;0.25;0.1;1;0.083;0.156;0.2;0.2;1;0.4;0.5;0.9;0.3;0.1;0.1;0.1;0.3;0.6
337;Robin Lopez;C;33;7.0;ORL;36;9;17;3.1;5.5;0.553;0.1;0.2;0.333;3;5.4;0.56;0.558;0.9;1.5;0.593;1.9;1.6;3.5;1.5;0.1;0.5;1.2;1.9;7.1
248;Rodney Hood;AP-G;29;6.8;TOT;52;0;13.6;1.1;3;0.369;0.6;1.8;0.33;0.5;1.3;0.424;0.465;0.3;0.4;0.895;0.3;1.2;1.5;0.7;0.3;0.1;0.2;0.6;3.1
369;Rodney McGruder;G;30;6.4;DET;51;2;14.8;1.9;4.4;0.436;1.1;2.9;0.397;0.8;1.5;0.506;0.564;0.4;0.5;0.731;0.6;1.6;2.2;0.9;0.4;0.1;0.5;1.1;5.4
323;Romeo Langford;G;22;6.5;TOT;48;5;16.1;1.7;4;0.435;0.6;1.8;0.341;1.1;2.2;0.509;0.51;0.5;0.9;0.548;0.6;1.6;2.3;0.4;0.5;0.3;0.3;1;4.5
418;Royce O'Neale;AP;28;6.5;UTA;77;77;31.2;2.6;5.8;0.457;1.5;4;0.389;1.1;1.8;0.609;0.591;0.6;0.7;0.804;0.8;3.9;4.8;2.5;1.1;0.4;1;2.4;7.4
188;Rudy Gay;AG;35;6.8;UTA;55;1;18.9;2.9;6.9;0.414;1.3;3.7;0.345;1.6;3.2;0.494;0.507;1.1;1.4;0.785;1;3.4;4.4;1;0.5;0.3;0.9;1.7;8.1
195;Rudy Gobert;C;29;7.1;UTA;66;66;32.1;5.5;7.7;0.713;0;0.1;0;5.5;7.6;0.718;0.713;4.6;6.7;0.69;3.7;11;14.7;1.1;0.7;2.1;1.8;2.7;15.6
213;Rui Hachimura;AG;23;6.8;WAS;42;13;22.5;4.5;9.1;0.491;1.3;2.9;0.447;3.1;6.1;0.512;0.563;1.1;1.6;0.697;0.6;3.2;3.8;1.1;0.5;0.2;0.8;1.3;11.3
576;Russell Westbrook;P;33;6.3;LAL;78;78;34.3;7;15.8;0.444;1;3.4;0.298;6;12.4;0.485;0.476;3.4;5.1;0.667;1.4;6;7.4;7.1;1;0.3;3.8;3;18.5
17;Ryan Arcidiacono;P;27;6.3;NYK;10;0;7.6;0.6;1.2;0.5;0.4;0.9;0.444;0.2;0.3;0.667;0.667;0;0;0;0;0.8;0.8;0.4;0.1;0;0.3;0.5;1.6
327;Saben Lee;P;22;6.2;DET;37;0;16.3;1.9;4.8;0.39;0.4;1.6;0.233;1.5;3.2;0.47;0.429;1.5;1.9;0.789;0.5;1.9;2.4;2.9;1;0.3;1;1.2;5.6
47;Saddiq Bey;AP;22;6.7;DET;82;82;33;5.5;13.9;0.396;2.6;7.4;0.346;2.9;6.4;0.454;0.489;2.6;3.1;0.827;1.3;4.1;5.4;2.8;0.9;0.2;1.2;1.6;16.1
132;Sam Dekker;AG;27;6.8;TOR;1;0;1;0;0;0;0;0;0;0;0;0;0;0;0;0;0;0;0;0;0;0;0;0;0
229;Sam Hauser;AP;24;6.7;BOS;26;0;6.1;0.9;1.9;0.46;0.7;1.7;0.432;0.2;0.2;0.667;0.65;0;0;0;0.2;0.9;1.1;0.4;0;0.1;0.1;0.3;2.5
375;Sam Merrill;G;25;6.4;MEM;6;0;9.7;1.3;4;0.333;1.2;3.8;0.304;0.2;0.2;1;0.479;0.3;0.7;0.5;0.2;1;1.2;0.7;0;0;0.3;0.5;4.2
345;Sandro Mamukelashvili;AG;22;6.9;MIL;41;3;9.9;1.4;2.8;0.496;0.5;1.3;0.423;0.9;1.5;0.556;0.591;0.4;0.5;0.818;0.9;1.1;2;0.5;0.2;0.2;0.4;0.7;3.8
4;Santi Aldama;AG;21;6.9;MEM;32;0;11.3;1.7;4.1;0.402;0.2;1.5;0.125;1.5;2.6;0.56;0.424;0.6;1;0.625;1;1.7;2.7;0.7;0.2;0.3;0.5;1.1;4.1
32;Scottie Barnes;AG;20;6.7;TOR;74;74;35.4;6.2;12.6;0.492;0.8;2.6;0.301;5.4;10;0.543;0.524;2.1;2.9;0.735;2.6;4.9;7.5;3.5;1.1;0.7;1.8;2.6;15.3
331;Scottie Lewis;G;21;6.5;CHO;2;0;3.5;0;0;0;0;0;0;0;0;0;0;0.5;1;0.5;0;0;0;0.5;0.5;0;0;0;0.5
249;Scotty Hopson;G;32;6.7;OKC;1;0;18;2;4;0.5;0;1;0;2;3;0.667;0.5;0;0;0;0;1;1;1;0;0;2;1;4
146;Sekou Doumbouya;AG;21;6.9;LAL;2;0;8;2.5;4;0.625;0.5;1;0.5;2;3;0.667;0.688;1.5;2;0.75;1;2;3;0;1.5;1;1;0.5;7
419;Semi Ojeleye;AG;27;6.6;TOT;30;0;13.5;1;3.3;0.303;0.5;1.7;0.3;0.5;1.6;0.306;0.379;0.8;1;0.793;0.9;1.6;2.5;0.3;0.2;0.2;0.3;1;3.3
262;Serge Ibaka;C-AG;32;6.8;TOT;54;12;16.2;2.7;5.5;0.5;0.7;1.8;0.374;2.1;3.6;0.563;0.563;0.6;0.8;0.727;1.1;3.5;4.6;0.9;0.2;0.6;0.8;1.9;6.8
125;Seth Curry;G;31;6.2;TOT;64;64;33.4;5.6;11.5;0.487;2.5;5.8;0.422;3.2;5.7;0.553;0.594;1.3;1.5;0.872;0.3;2.8;3.1;3.6;0.8;0.2;1.7;2.3;15
192;Shai Gilgeous-Alexander;P;23;6.6;OKC;56;56;34.7;8.5;18.8;0.453;1.6;5.3;0.3;6.9;13.5;0.514;0.496;5.9;7.2;0.81;0.7;4.3;5;5.9;1.3;0.8;2.8;2.5;24.5
381;Shake Milton;P;25;6.5;PHI;55;6;21.4;3.1;7.3;0.429;0.8;2.4;0.323;2.4;4.9;0.481;0.483;1.1;1.3;0.836;0.5;2;2.6;2.5;0.5;0.3;0.8;1.8;8.2
82;Shaq Buchanan;P;25;6.3;MEM;2;0;5;0.5;2;0.25;0;1;0;0.5;1;0.5;0.25;0;0;0;0.5;0.5;1;1;0.5;0;1;0.5;1
225;Shaquille Harrison;G;28;6.4;BRK;2;0;11.5;1;3;0.333;0;1;0;1;2;0.5;0.333;0;0;0;0.5;1.5;2;1.5;0.5;0.5;1;1.5;2
116;Sharife Cooper;P;20;6.1;ATL;13;0;3;0.2;1.1;0.214;0.1;0.5;0.167;0.2;0.6;0.25;0.25;0;0;0;0;0.4;0.4;0.4;0;0;0.4;0.1;0.5
359;Skylar Mays;G;24;6.4;ATL;28;5;7.9;1.1;2.3;0.5;0.3;0.9;0.32;0.9;1.4;0.615;0.563;0.3;0.3;0.889;0.2;0.7;0.9;0.6;0.3;0;0.4;0.3;2.9
241;Solomon Hill;AG;30;6.6;ATL;13;1;10.7;0.2;1.5;0.15;0.2;1;0.154;0.1;0.5;0.143;0.2;0;0;0;0.5;1.3;1.8;0.9;0.3;0.2;0.1;1.2;0.6
139;Spencer Dinwiddie;P;28;6.6;TOT;67;51;29.6;4.6;11;0.416;1.7;4.9;0.339;2.9;6;0.479;0.493;2.9;3.8;0.774;0.7;3.5;4.2;5.2;0.7;0.2;1.6;2.2;13.7
288;Stanley Johnson;AG;25;6.6;LAL;48;27;22.8;2.4;5.2;0.466;0.7;2.2;0.314;1.8;3;0.575;0.532;1.1;1.5;0.716;0.7;2.5;3.2;1.7;0.9;0.3;0.7;2.3;6.7
126;Stephen Curry;P;33;6.2;GSW;64;64;34.5;8.4;19.1;0.437;4.5;11.7;0.38;3.9;7.4;0.527;0.554;4.3;4.7;0.923;0.5;4.7;5.2;6.3;1.3;0.4;3.2;2;25.5
78;Sterling Brown;G;26;6.5;DAL;49;3;12.8;1.2;3.2;0.381;0.6;1.9;0.304;0.6;1.3;0.492;0.471;0.3;0.3;0.933;0.5;2.5;3;0.7;0.3;0.1;0.5;1.1;3.3
2;Steven Adams;C;28;6.9;MEM;76;75;26.3;2.8;5.1;0.547;0;0;0;2.8;5;0.548;0.547;1.4;2.6;0.543;4.6;5.4;10;3.4;0.9;0.8;1.5;2;6.9
402;Svi Mykhailiuk;AP;24;6.7;TOR;56;5;12.8;1.6;4.2;0.389;0.7;2.4;0.306;0.9;1.8;0.5;0.476;0.6;0.7;0.865;0.4;1.3;1.6;0.8;0.5;0.1;0.6;1;4.6
363;T.J. McConnell;P;29;6.1;IND;27;8;24.1;3.7;7.7;0.481;0.4;1.2;0.303;3.3;6.5;0.514;0.505;0.7;0.9;0.826;0.7;2.6;3.3;4.9;1.1;0.4;1.1;2;8.5
165;Tacko Fall;C;26;7.6;CLE;11;1;5.4;0.5;1.1;0.417;0;0;0;0.5;1.1;0.417;0.417;0.2;0.6;0.286;0.6;1.5;2.1;0.2;0;0.5;0.3;0.3;1.1
190;Taj Gibson;C;36;6.9;NYK;52;4;18.2;1.7;3.2;0.518;0.3;0.7;0.395;1.4;2.5;0.555;0.563;0.8;1;0.808;1.7;2.7;4.4;0.6;0.4;0.8;0.5;2.6;4.4
251;Talen Horton-Tucker;G;21;6.4;LAL;60;19;25.2;3.7;9;0.416;0.8;3;0.269;2.9;5.9;0.492;0.462;1.7;2.1;0.8;0.6;2.6;3.2;2.7;1;0.5;1.4;2.5;10
461;Taurean Prince;AG;27;6.6;MIN;69;8;17.1;2.6;5.7;0.454;1.2;3.3;0.376;1.3;2.3;0.565;0.564;0.9;1.2;0.756;0.4;2.1;2.5;1;0.7;0.3;0.8;1.7;7.3
346;Terance Mann;AP;25;6.5;LAC;81;33;28.6;4.1;8.5;0.484;0.9;2.6;0.365;3.2;6;0.535;0.539;1.6;2;0.78;1.3;4;5.2;2.6;0.7;0.3;1;2.2;10.8
129;Terence Davis;G;24;6.4;SAC;30;11;17.9;3.8;8.9;0.423;1.6;5;0.329;2.1;3.9;0.542;0.515;1.2;1.5;0.818;0.4;2.8;3.1;1.3;0.8;0.4;1.1;2.3;10.4
483;Terrence Ross;G;30;6.6;ORL;63;0;23;3.5;8.8;0.397;1.2;4.2;0.292;2.3;4.6;0.493;0.467;1.8;2.1;0.862;0.3;2.2;2.6;1.8;0.4;0.2;1.2;1.1;10
484;Terry Rozier;G;27;6.1;CHO;73;73;33.7;7.1;16;0.444;3;8.1;0.374;4.1;7.9;0.516;0.539;2.1;2.4;0.852;0.8;3.5;4.3;4.5;1.3;0.3;1.3;1.6;19.3
527;Terry Taylor;G;22;6.5;IND;33;7;21.6;4.1;6.7;0.614;0.4;1.2;0.316;3.7;5.5;0.676;0.641;1.1;1.5;0.706;2.9;2.3;5.2;1.2;0.4;0.2;0.7;1.8;9.6
601;Thaddeus Young;AG;33;6.8;TOT;52;1;16.3;2.7;5.2;0.518;0.3;0.9;0.354;2.4;4.3;0.554;0.55;0.4;0.9;0.469;1.5;2.5;4;2;1;0.3;1;1.6;6.2
13;Thanasis Antetokounmpo;AP;29;6.6;MIL;48;6;9.9;1.5;2.7;0.547;0;0.3;0.143;1.4;2.4;0.596;0.555;0.6;1;0.63;0.8;1.3;2.1;0.5;0.3;0.3;0.5;1.4;3.6
344;Theo Maledon;P;20;6.4;OKC;51;7;17.8;2.3;6.2;0.375;0.9;2.9;0.293;1.5;3.3;0.449;0.445;1.5;2;0.79;0.4;2.2;2.6;2.2;0.6;0.2;1.3;1.3;7.1
445;Theo Pinson;AP;26;6.5;DAL;19;0;7.8;0.7;2.1;0.359;0.5;1.6;0.333;0.2;0.5;0.444;0.487;0.5;0.5;1;0.1;1;1.1;0.9;0.3;0.1;0.3;0.6;2.5
81;Thomas Bryant;C;24;6.8;WAS;27;9;16.3;2.9;5.5;0.52;0.4;1.6;0.286;2.4;3.9;0.613;0.561;1.3;1.5;0.875;1;3;4;0.9;0.2;0.8;0.7;1.6;7.4
177;Tim Frazier;P;31;6.0;TOT;12;3;17.3;1.2;3.8;0.311;0.5;1.4;0.353;0.7;2.3;0.286;0.378;0.4;0.8;0.556;0.4;1.2;1.6;2.8;0.3;0.1;1.3;2.3;3.3
217;Tim Hardaway Jr.;G;29;6.5;DAL;42;20;29.6;5;12.6;0.394;2.4;7.2;0.336;2.5;5.4;0.473;0.491;1.9;2.5;0.757;0.3;3.4;3.7;2.2;0.9;0.1;0.8;1.8;14.2
342;Timothe Luwawu-Cabarrot;AP;26;6.7;ATL;52;18;13.2;1.4;3.6;0.398;0.8;2.3;0.361;0.6;1.2;0.469;0.516;0.7;0.8;0.854;0.3;1.3;1.6;0.8;0.3;0.1;0.4;1.5;4.4
224;Tobias Harris;AG;29;6.7;PHI;73;73;34.8;6.8;14;0.482;1.4;3.8;0.367;5.4;10.2;0.525;0.532;2.3;2.8;0.842;1.1;5.7;6.8;3.5;0.6;0.6;1.6;2.2;17.2
490;Tomas Satoransky;G;30;6.7;TOT;55;13;16.5;1.3;3.5;0.377;0.2;1;0.208;1.1;2.5;0.442;0.406;0.8;1;0.796;0.5;1.8;2.3;3.3;0.5;0.1;0.8;1.3;3.6
64;Tony Bradley;C;24;6.8;CHI;55;7;10;1.3;2.2;0.585;0;0;0;1.3;2.2;0.585;0.585;0.3;0.5;0.655;1.2;2.2;3.4;0.5;0.2;0.6;0.6;1.1;3
514;Tony Snell;G;30;6.6;TOT;53;12;15.5;1.3;3.2;0.404;0.8;2.4;0.352;0.5;0.8;0.558;0.535;0.1;0.1;1;0.3;1.6;1.9;0.5;0.3;0.2;0.4;1.3;3.5
120;Torrey Craig;AP;31;6.7;TOT;78;16;20.5;2.6;5.7;0.454;1;3;0.329;1.6;2.7;0.594;0.541;0.5;0.7;0.75;1.1;2.9;4;1.2;0.6;0.5;0.9;1.9;6.6
602;Trae Young;P;23;6.1;ATL;76;76;34.9;9.4;20.3;0.46;3.1;8;0.382;6.3;12.3;0.512;0.536;6.6;7.3;0.904;0.7;3.1;3.7;9.7;0.9;0.1;4;1.7;28.4
434;Trayvon Palmer;G;27;6.6;DET;1;0;17;0;1;0;0;0;0;0;1;0;0;0;0;0;0;2;2;0;0;0;1;2;0
298;Tre Jones;P;22;6.1;SAS;69;11;16.6;2.4;4.9;0.49;0.1;0.7;0.196;2.3;4.2;0.542;0.504;1;1.3;0.78;0.4;1.8;2.2;3.4;0.6;0.1;0.7;1.1;6
347;Tre Mann;P;20;6.3;OKC;60;26;22.8;3.9;9.8;0.393;1.6;4.5;0.36;2.2;5.3;0.421;0.476;1.1;1.4;0.793;0.4;2.4;2.9;1.5;0.8;0.2;1.2;1.7;10.4
494;Tre Scott;AP;25;6.8;CLE;2;0;5.5;1.5;3;0.5;0;0.5;0;1.5;2.5;0.6;0.5;0;0;0;0.5;0.5;1;0;0.5;0.5;0;1;3
572;Tremont Waters;P;24;5.10;TOT;3;0;16.7;1.3;4.7;0.286;0.7;3;0.222;0.7;1.7;0.4;0.357;0;0;0;0;1.3;1.3;2.3;1.7;0;1.3;1.3;3.3
573;Trendon Watford;AP;21;6.8;POR;48;10;18.1;3;5.6;0.532;0.2;0.8;0.237;2.8;4.8;0.581;0.549;1.5;2;0.755;1.2;3;4.1;1.7;0.5;0.6;0.9;2.4;7.6
173;Trent Forrest;P;23;6.4;UTA;60;6;12.8;1.3;2.6;0.49;0.1;0.5;0.185;1.2;2.1;0.555;0.506;0.6;0.8;0.792;0.4;1.3;1.7;1.8;0.5;0.1;0.8;0.7;3.3
463;Trevelin Queen;G;24;6.6;HOU;10;0;7.4;1.5;3.3;0.455;0.9;2.4;0.375;0.6;0.9;0.667;0.591;0.4;0.4;1;0.7;0.9;1.6;0.4;0.5;0.1;0.7;0.6;4.3
18;Trevor Ariza;AP;36;6.8;LAL;24;11;19.3;1.4;4.1;0.333;0.8;3.1;0.27;0.5;1;0.52;0.434;0.4;0.8;0.556;0.4;3;3.4;1.1;0.5;0.3;0.5;0.8;4
84;Trey Burke;P;29;6.0;DAL;42;0;10.5;2;5.1;0.391;0.6;2;0.317;1.4;3.2;0.436;0.451;0.5;0.5;0.87;0.1;0.7;0.8;1.4;0.3;0;0.6;0.9;5.1
343;Trey Lyles;AG;26;6.9;TOT;75;23;20.5;3.5;7.5;0.466;0.9;2.8;0.321;2.6;4.7;0.552;0.526;2.6;3.2;0.802;1.2;3.9;5.1;1.2;0.4;0.4;1;1.6;10.5
399;Trey Murphy III;AP;21;6.8;NOP;62;1;13.9;1.8;4.5;0.394;1.1;3;0.382;0.6;1.5;0.418;0.522;0.7;0.8;0.882;0.8;1.6;2.4;0.6;0.4;0.1;0.3;1;5.4
538;Tristan Thompson;AG;30;6.9;TOT;57;6;15.7;2.5;4.7;0.528;0;0.1;0.333;2.5;4.6;0.53;0.53;1.1;2;0.526;2.1;2.9;5.1;0.6;0.4;0.4;0.8;1.7;6
79;Troy Brown Jr.;AP;22;6.6;CHI;66;7;16;1.6;3.9;0.419;0.7;2;0.353;0.9;1.9;0.488;0.51;0.3;0.4;0.769;0.6;2.5;3.1;1;0.5;0.1;0.4;0.9;4.3
277;Ty Jerome;G;24;6.5;OKC;48;4;16.7;2.6;6.8;0.378;1.1;3.9;0.29;1.5;3;0.493;0.46;0.8;1;0.809;0.4;1.2;1.6;2.3;0.6;0.1;0.8;1.5;7.1
115;Tyler Cook;AG;24;6.8;CHI;20;2;10;1.2;1.9;0.605;0;0;0;1.2;1.9;0.605;0.605;1.1;1.6;0.656;0.8;1.9;2.7;0.2;0.2;0.2;0.4;1.4;3.4
215;Tyler Hall;G;24;6.5;NYK;1;0;2;0;0;0;0;0;0;0;0;0;0;0;0;0;0;0;0;0;0;0;0;0;0
236;Tyler Herro;G;22;6.5;MIA;66;10;32.6;7.6;17;0.447;2.7;6.7;0.399;4.9;10.3;0.477;0.525;2.9;3.3;0.868;0.5;4.5;5;4;0.7;0.1;2.6;1.4;20.7
289;Tyler Johnson;P;29;6.3;TOT;6;0;15.2;1;3.3;0.3;0.8;2.2;0.385;0.2;1.2;0.143;0.425;0;0;0;0.5;1.5;2;1.2;0.5;0.5;0.3;1.2;2.8
530;Tyrell Terry;P;21;6.2;MEM;2;0;1.5;0.5;0.5;1;0;0;0;0.5;0.5;1;1;0;0;0;0;0;0;0;0;0;0;0.5;1
214;Tyrese Haliburton;P;21;6.5;TOT;77;77;35;5.6;11.8;0.473;2.1;5.1;0.414;3.5;6.8;0.517;0.562;2.1;2.5;0.842;0.8;3.2;4;8.2;1.7;0.6;2.6;1.6;15.3
358;Tyrese Maxey;P;21;6.2;PHI;75;74;35.3;6.4;13.3;0.485;1.8;4.1;0.427;4.7;9.1;0.512;0.552;2.8;3.3;0.866;0.3;2.9;3.2;4.3;0.7;0.4;1.2;2.1;17.5
565;Tyrone Wallace;G;27;6.5;NOP;6;0;12.5;1.2;3.3;0.35;0.3;1.3;0.25;0.8;2;0.417;0.4;0.2;0.8;0.2;0;1.3;1.3;0.2;0.5;0.2;0.3;1.2;2.8
299;Tyus Jones;P;25;6.0;MEM;73;23;21.2;3.4;7.6;0.451;1.1;2.8;0.39;2.3;4.8;0.487;0.524;0.7;0.9;0.818;0.2;2.2;2.4;4.4;0.9;0;0.6;0.4;8.7
23;Udoka Azubuike;C;22;7.0;UTA;17;6;11.5;2.2;2.9;0.755;0;0;0;2.2;2.9;0.755;0.755;0.4;0.6;0.545;1.1;3.1;4.2;0;0.1;0.6;0.7;1.5;4.7
228;Udonis Haslem;C;41;6.8;MIA;13;0;6.4;1.1;2.4;0.452;0.1;0.3;0.25;1;2.1;0.481;0.468;0.2;0.2;1;0.3;1.6;1.9;0.3;0.1;0.1;0.4;1.2;2.5
186;Usman Garuba;AG;19;6.8;HOU;24;2;10;0.8;1.8;0.432;0.2;0.8;0.25;0.6;1;0.583;0.489;0.2;0.3;0.714;0.9;2.6;3.5;0.7;0.4;0.5;0.3;1.2;2
94;Vernon Carey Jr.;C;20;6.9;TOT;7;1;6.3;1;1.9;0.538;0;0;0;1;1.9;0.538;0.538;0.9;1.9;0.462;1.1;0.6;1.7;0;0.3;0.1;0.4;0.6;2.9
425;Victor Oladipo;G;29;6.4;MIA;8;1;21.6;4.4;9.1;0.479;1.9;4.5;0.417;2.5;4.6;0.541;0.582;1.8;2.4;0.737;0.4;2.5;2.9;3.5;0.6;0.1;2;1.6;12.4
316;Vit Krejci;G;21;6.8;OKC;30;8;23;2.3;5.6;0.407;1.1;3.3;0.327;1.2;2.3;0.522;0.503;0.6;0.7;0.864;0.6;2.8;3.4;1.9;0.6;0.3;1;2.2;6.2
91;Vlatko ?an?ar;AG;24;6.8;DEN;15;1;11.7;1.5;2.7;0.561;0.5;0.8;0.583;1.1;1.9;0.552;0.646;0.6;0.9;0.643;0.5;1.5;2.1;1.1;0.1;0.2;0.6;1.2;4.1
161;Wayne Ellington;G;34;6.4;LAL;43;9;18.8;2.3;5.5;0.414;1.9;4.9;0.389;0.4;0.6;0.615;0.586;0.2;0.3;0.818;0.2;1.6;1.8;0.7;0.5;0.1;0.4;1;6.7
496;Wayne Selden;G;27;6.4;NYK;3;0;6.3;0.3;1.3;0.25;0.3;0.7;0.5;0;0.7;0;0.375;0.7;1.3;0.5;0;0.3;0.3;0.3;0;0;0;0.3;1.7
96;Wendell Carter Jr.;C;22;6.8;ORL;62;61;29.9;5.8;11;0.525;1.1;3.5;0.327;4.7;7.6;0.615;0.576;2.3;3.3;0.691;2.2;8.2;10.5;2.8;0.6;0.7;1.9;2.7;15
180;Wenyen Gabriel;AG;24;6.9;TOT;26;5;13.8;2.1;4.2;0.491;0.3;1.1;0.286;1.8;3.2;0.561;0.527;1;1.6;0.595;1.5;2.2;3.7;0.5;0.2;0.4;0.6;2.6;5.4
267;Wes Iwundu;AP;27;6.6;ATL;3;1;27.3;2.7;6;0.444;1;1.7;0.6;1.7;4.3;0.385;0.528;1;1.3;0.75;1;3.3;4.3;0;0.3;0;0.3;2.7;7.3
357;Wesley Matthews;G;35;6.4;MIL;49;14;20.4;1.8;4.5;0.395;1.1;3.2;0.338;0.7;1.3;0.54;0.516;0.4;0.6;0.786;0.6;1.3;1.9;0.7;0.5;0.2;0.4;1.8;5.1
34;Will Barton;G;31;6.5;DEN;71;71;32.1;5.5;12.6;0.438;2.2;6.1;0.365;3.3;6.6;0.504;0.525;1.4;1.8;0.803;0.6;4.2;4.8;3.9;0.8;0.4;1.8;1.6;14.7
98;Willie Cauley-Stein;C;28;7.0;TOT;20;2;9.2;0.8;1.8;0.457;0.1;0.1;0.5;0.8;1.7;0.455;0.471;0.1;0.1;0.5;0.7;1.4;2;0.5;0.3;0.2;0.4;1;1.7
235;Willy Hernangomez;C;27;6.9;NOP;50;8;16.8;3.4;6.5;0.52;0.1;0.2;0.333;3.3;6.3;0.527;0.526;2.2;2.8;0.773;2.9;3.9;6.8;1.3;0.4;0.4;1;1.9;9.1
388;Xavier Moon;G;27;6.2;LAC;10;0;13.7;2.5;5.1;0.49;0.5;1.4;0.357;2;3.7;0.541;0.539;0.3;0.5;0.6;0.2;1.2;1.4;2.4;0.7;0.3;0.6;0.9;5.8
513;Xavier Sneed;AP;24;6.5;TOT;9;0;4.3;0.2;1.1;0.2;0.1;0.9;0.125;0.1;0.2;0.5;0.25;0;0;0;0.2;0.4;0.7;0.1;0;0;0;0.2;0.6
542;Xavier Tillman Sr.;AG;23;6.8;MEM;53;2;13.2;1.8;4.1;0.454;0.2;0.9;0.204;1.7;3.2;0.527;0.477;0.9;1.3;0.648;1.2;1.8;3;1.2;0.9;0.3;0.6;1.2;4.8
570;Yuta Watanabe;AP;27;6.9;TOR;38;4;11.7;1.5;3.6;0.406;0.7;2.1;0.342;0.8;1.6;0.492;0.504;0.6;1.1;0.6;0.5;1.9;2.4;0.6;0.3;0.4;0.5;1;4.3
449;Yves Pons;AP;22;6.5;MEM;12;0;5.9;0.4;1.3;0.313;0.3;0.8;0.333;0.2;0.6;0.286;0.406;0;0.2;0;0.4;0.6;1;0.1;0.1;0.3;0.1;0.5;1.1
111;Zach Collins;AG;24;6.9;SAS;28;4;17.9;2.7;5.5;0.49;0.5;1.5;0.341;2.2;4.1;0.544;0.535;1.9;2.3;0.8;1.6;3.8;5.5;2.2;0.5;0.8;1.6;2.4;7.8
324;Zach LaVine;AP;26;6.5;CHI;67;67;34.7;8.4;17.7;0.476;2.8;7.1;0.389;5.7;10.6;0.534;0.554;4.8;5.6;0.853;0.3;4.3;4.6;4.5;0.6;0.3;2.6;1.8;24.4
505;Zavier Simpson;P;24;6.0;OKC;4;4;43.5;4.8;13;0.365;0.3;2;0.125;4.5;11;0.409;0.375;1.3;1.3;1;0.5;4.8;5.3;7.5;1.3;1;2.5;3.8;11
411;Zeke Nnaji;AG;21;6.9;DEN;41;1;17;2.3;4.5;0.516;0.9;2;0.463;1.4;2.6;0.557;0.616;1;1.6;0.631;1.4;2.2;3.6;0.4;0.4;0.3;0.6;1.9;6.6
590;Ziaire Williams;AP;20;6.9;MEM;62;31;21.7;3.1;6.8;0.45;1.2;3.9;0.314;1.9;2.9;0.632;0.54;0.7;0.9;0.782;0.4;1.7;2.1;1;0.6;0.2;0.7;1.8;8.1
101;Zylan Cheatham;AP;26;6.5;UTA;1;0;5;0;3;0;0;2;0;0;1;0;0;0;0;0;0;0;0;0;0;0;0;0;0
